date,year,facility_name,doc_type,type_name,doc_url,srn,epa_class,address_line1,city,zip,county,egle_district,staff,type_simple,type_name_simple,address_full
2024-08-02,2024.0,GMI - HMA PLANT 19,SAR,Staff Activity Report,https://www.egle.state.mi.us/aps/downloads/SRN/B7068/B7068_SAR_20240802.pdf,B7068,SM OPT OUT,2675 TREAT RD,ADRIAN,49221.0,LENAWEE,JACKSON,CARLEYB,SAR,Staff Activity Report,"2675 TREAT RD, ADRIAN, MI 49221"
2024-08-02,2024.0,GMI - HMA PLANT 19,VN,Violation Notice,https://www.egle.state.mi.us/aps/downloads/SRN/B7068/B7068_VN_20240802.pdf,B7068,SM OPT OUT,2675 TREAT RD,ADRIAN,49221.0,LENAWEE,JACKSON,CARLEYB,VN,Violation Notice,"2675 TREAT RD, ADRIAN, MI 49221"
2024-08-02,2024.0,CLARIOS APS PRODUCTION,VN,Violation Notice,https://www.egle.state.mi.us/aps/downloads/SRN/P0194/P0194_VN_20240802.pdf,P0194,SM OPT OUT,MEADOWBROOK FACILITY,HOLLAND,49423.0,ALLEGAN,KALAMAZOO,YAZZIEC,VN,Violation Notice,"MEADOWBROOK FACILITY, HOLLAND, MI 49423"
2024-07-31,2024.0,LAKELAND MONROE GROUP - PLANT 2,RVN,Response to Violation Notice,https://www.egle.state.mi.us/aps/downloads/SRN/N7645/N7645_RVN_20240731.pdf,N7645,SM OPT OUT,5400 36TH ST SE,GRAND RAPIDS,49512.0,KENT,GRAND RAPIDS,LAZZAROA1,RVN,Response to Violation Notice,"5400 36TH ST SE, GRAND RAPIDS, MI 49512"
2024-07-31,2024.0,"BRIGHTMARK SUNRYZ RNG, LLC",VN,Violation Notice,https://www.egle.state.mi.us/aps/downloads/SRN/P1158/P1158_VN_20240731.pdf,P1158,,8460 West Mulberry Road,MORENCI,49256.0,LENAWEE,JACKSON,WEEMSS,VN,Violation Notice,"8460 West Mulberry Road, MORENCI, MI 49256"
2024-07-30,2024.0,"FASTENER COATINGS, INC.",FCE,Full Compliance Evaluation,https://www.egle.state.mi.us/aps/downloads/SRN/N0760/N0760_FCE_20240730.pdf,N0760,SM OPT OUT,1111  RIVER  ROAD,THREE RIVERS,49093.0,SAINT JOSEPH,KALAMAZOO,COLLINSC21,FCE,Full Compliance Evaluation,"1111  RIVER  ROAD, THREE RIVERS, MI 49093"
2024-07-30,2024.0,SILICONATURE CORPORATION,RVN,Response to Violation Notice,https://www.egle.state.mi.us/aps/downloads/SRN/P0742/P0742_RVN_20240730.pdf,P0742,SM OPT OUT,4255 68th Street SE,CALEDONIA,49316.0,KENT,GRAND RAPIDS,LAZZAROA1,RVN,Response to Violation Notice,"4255 68th Street SE, CALEDONIA, MI 49316"
2024-07-30,2024.0,SUMMIT POLYMERS-VICKSBURG,FCE,Full Compliance Evaluation,https://www.egle.state.mi.us/aps/downloads/SRN/N5044/N5044_FCE_20240730.pdf,N5044,SM OPT OUT,115 South Leja Dr.,VICKSBURG,49097.0,KALAMAZOO,KALAMAZOO,BROTHERSM,FCE,Full Compliance Evaluation,"115 South Leja Dr., VICKSBURG, MI 49097"
2024-07-30,2024.0,SOUTHERN MICHIGAN CREMATION SERVICES R.O. INC.,RVN,Response to Violation Notice,https://www.egle.state.mi.us/aps/downloads/SRN/P0932/P0932_RVN_20240730.pdf,P0932,MINOR,4839 Fernlee Avenue,ROYAL OAK,48073.0,OAKLAND,WARREN,AHAMMODS,RVN,Response to Violation Notice,"4839 Fernlee Avenue, ROYAL OAK, MI 48073"
2024-07-29,2024.0,SPECTRUM HEALTH-BUTTERWORTH CAMPUS,FCE,Full Compliance Evaluation,https://www.egle.state.mi.us/aps/downloads/SRN/M2032/M2032_FCE_20240729.pdf,M2032,SM OPT OUT,100 MICHIGAN ST NE,GRAND RAPIDS,49503.0,KENT,GRAND RAPIDS,COXM9,FCE,Full Compliance Evaluation,"100 MICHIGAN ST NE, GRAND RAPIDS, MI 49503"
2024-07-26,2024.0,"CADILLAC ASPHALT LLC., WIXOM",VN,Violation Notice,https://www.egle.state.mi.us/aps/downloads/SRN/B1960/B1960_VN_20240726.pdf,B1960,SM OPT OUT,51777 W 12 MILE RD,WIXOM,48393.0,OAKLAND,WARREN,JOSEPHR4,VN,Violation Notice,"51777 W 12 MILE RD, WIXOM, MI 48393"
2024-07-26,2024.0,GRAND RAPIDS WASTEWATER TREATMENT PLANT,FCE,Full Compliance Evaluation,https://www.egle.state.mi.us/aps/downloads/SRN/B1729/B1729_FCE_20240726.pdf,B1729,SM OPT OUT,1300 MARKET AVE SW,GRAND RAPIDS,49503.0,KENT,GRAND RAPIDS,DEVRIESK1,FCE,Full Compliance Evaluation,"1300 MARKET AVE SW, GRAND RAPIDS, MI 49503"
2024-07-25,2024.0,WOODLAND MEADOWS RDF,VN,Violation Notice,https://www.egle.state.mi.us/aps/downloads/SRN/M4449/M4449_VN_20240725.pdf,M4449,MAJOR,5900 HANNAN,WAYNE,48184.0,WAYNE,DETROIT,LAMBJ1,VN,Violation Notice,"5900 HANNAN, WAYNE, MI 48184"
2024-07-23,2024.0,INDUSTRIAL METAL COATINGS INC,RVN,Response to Violation Notice,https://www.egle.state.mi.us/aps/downloads/SRN/N5145/N5145_RVN_20240723.pdf,N5145,MINOR,6070 18 MILE RD,STERLING HTS,48314.0,MACOMB,WARREN,LEFFERTK,RVN,Response to Violation Notice,"6070 18 MILE RD, STERLING HTS, MI 48314"
2024-07-22,2024.0,KOREX CORP,SAR,Staff Activity Report,https://www.egle.state.mi.us/aps/downloads/SRN/B5619/B5619_SAR_20240722.pdf,B5619,SM OPT OUT,50000 PONTIAC TRAIL,WIXOM,48393.0,OAKLAND,WARREN,PINGAR,SAR,Staff Activity Report,"50000 PONTIAC TRAIL, WIXOM, MI 48393"
2024-07-22,2024.0,MAGNA MIRRORS CORPORATION,RVN,Response to Violation Notice,https://www.egle.state.mi.us/aps/downloads/SRN/N1781/N1781_RVN_20240722.pdf,N1781,SM OPT OUT,3575 128th Aveune,HOLLAND,49424.0,OTTAWA,GRAND RAPIDS,ROBINSONC17,RVN,Response to Violation Notice,"3575 128th Aveune, HOLLAND, MI 49424"
2024-07-22,2024.0,HOLCIM (US) INC. DBA LAFARGE ALPENA PLANT,FCE,Full Compliance Evaluation,https://www.egle.state.mi.us/aps/downloads/SRN/B1477/B1477_FCE_20240722.pdf,B1477,MAJOR,1435  Ford Avenue,ALPENA,49707.0,ALPENA,CADILLAC,CHILDSK,FCE,Full Compliance Evaluation,"1435  Ford Avenue, ALPENA, MI 49707"
2024-07-19,2024.0,SMITHS CREEK LANDFILL,VN,Violation Notice,https://www.egle.state.mi.us/aps/downloads/SRN/N6207/N6207_VN_20240719.pdf,N6207,MAJOR,6779  SMITHS CREEK ROAD,SMITHS CREEK,48074.0,SAINT CLAIR,WARREN,KONANAHALLII,VN,Violation Notice,"6779  SMITHS CREEK ROAD, SMITHS CREEK, MI 48074"
2024-07-19,2024.0,HOLCIM (US) INC. DBA LAFARGE ALPENA PLANT,SAR,Staff Activity Report,https://www.egle.state.mi.us/aps/downloads/SRN/B1477/B1477_SAR_20240719.pdf,B1477,MAJOR,1435  Ford Avenue,ALPENA,49707.0,ALPENA,CADILLAC,CHILDSK,SAR,Staff Activity Report,"1435  Ford Avenue, ALPENA, MI 49707"
2024-07-19,2024.0,GHSP,SAR,Staff Activity Report,https://www.egle.state.mi.us/aps/downloads/SRN/A5892/A5892_SAR_20240719.pdf,A5892,MINOR,1250 S BEECHTREE ST,GRAND HAVEN,49417.0,OTTAWA,GRAND RAPIDS,ROBINSONC17,SAR,Staff Activity Report,"1250 S BEECHTREE ST, GRAND HAVEN, MI 49417"
2024-07-19,2024.0,SPRING ARBOR COATINGS (PROGRESSIVE COATINGS),SAR,Staff Activity Report,https://www.egle.state.mi.us/aps/downloads/SRN/N8206/N8206_SAR_20240719.pdf,N8206,SM OPT OUT,190 W MAIN STREET,SPRING ARBOR,49283.0,JACKSON,JACKSON,WEEMSS,SAR,Staff Activity Report,"190 W MAIN STREET, SPRING ARBOR, MI 49283"
2024-07-19,2024.0,GRAND HAVEN-SPRING LAKE SEWER AUTHORITY,SAR,Staff Activity Report,https://www.egle.state.mi.us/aps/downloads/SRN/B7242/B7242_SAR_20240719.pdf,B7242,MINOR,1525 Washington St.,GRAND HAVEN,49417.0,OTTAWA,GRAND RAPIDS,ROBINSONC17,SAR,Staff Activity Report,"1525 Washington St., GRAND HAVEN, MI 49417"
2024-07-19,2024.0,SOUTHERN MICHIGAN CREMATION SERVICES R.O. INC.,VN,Violation Notice,https://www.egle.state.mi.us/aps/downloads/SRN/P0932/P0932_VN_20240719.pdf,P0932,MINOR,4839 Fernlee Avenue,ROYAL OAK,48073.0,OAKLAND,WARREN,AHAMMODS,VN,Violation Notice,"4839 Fernlee Avenue, ROYAL OAK, MI 48073"
2024-07-19,2024.0,SPRING ARBOR COATINGS (PROGRESSIVE COATINGS),FCE,Full Compliance Evaluation,https://www.egle.state.mi.us/aps/downloads/SRN/N8206/N8206_FCE_20240719.pdf,N8206,SM OPT OUT,190 W MAIN STREET,SPRING ARBOR,49283.0,JACKSON,JACKSON,WEEMSS,FCE,Full Compliance Evaluation,"190 W MAIN STREET, SPRING ARBOR, MI 49283"
2024-07-19,2024.0,HOLCIM (US) INC. DBA LAFARGE ALPENA PLANT,RVN,Response to Violation Notice,https://www.egle.state.mi.us/aps/downloads/SRN/B1477/B1477_RVN_20240719.pdf,B1477,MAJOR,1435  Ford Avenue,ALPENA,49707.0,ALPENA,CADILLAC,CHILDSK,RVN,Response to Violation Notice,"1435  Ford Avenue, ALPENA, MI 49707"
2024-07-19,2024.0,"NOR COTE, INC.",FCE,Full Compliance Evaluation,https://www.egle.state.mi.us/aps/downloads/SRN/N5266/N5266_FCE_20240719.pdf,N5266,SM OPT OUT,11425 TIMKEN,WARREN,48089.0,MACOMB,WARREN,LEFFERTK,FCE,Full Compliance Evaluation,"11425 TIMKEN, WARREN, MI 48089"
2024-07-18,2024.0,"KNAUF INSULATION, INC.",RVN,Response to Violation Notice,https://www.egle.state.mi.us/aps/downloads/SRN/B7205/B7205_RVN_20240718.pdf,B7205,MAJOR,1000 E NORTH ST,ALBION,49224.0,CALHOUN,KALAMAZOO,CHAPELA,RVN,Response to Violation Notice,"1000 E NORTH ST, ALBION, MI 49224"
2024-07-18,2024.0,SAGINAW WILBERT VAULT CORP  DBA NORTH CENTRAL MICH,SAR,Staff Activity Report,https://www.egle.state.mi.us/aps/downloads/SRN/N6562/N6562_SAR_20240718.pdf,N6562,MINOR,20702 M 115,MARION,49665.0,OSCEOLA,CADILLAC,DICKMANR,SAR,Staff Activity Report,"20702 M 115, MARION, MI 49665"
2024-07-18,2024.0,KOREX CORP,SAR,Staff Activity Report,https://www.egle.state.mi.us/aps/downloads/SRN/B5619/B6519_SAR_20240718.pdf,B5619,SM OPT OUT,50000 PONTIAC TRAIL,WIXOM,48393.0,OAKLAND,WARREN,PINGAR,SAR,Staff Activity Report,"50000 PONTIAC TRAIL, WIXOM, MI 48393"
2024-07-18,2024.0,DELTA SOLID WASTE MANAGEMENT AUTHORITY,RVN,Response to Violation Notice,https://www.egle.state.mi.us/aps/downloads/SRN/N6035/N6035_RVN_20240718.pdf,N6035,MAJOR,5701 19TH AVENUE N,ESCANABA,49829.0,DELTA,MARQUETTE,LUCEL1,RVN,Response to Violation Notice,"5701 19TH AVENUE N, ESCANABA, MI 49829"
2024-07-18,2024.0,KAY AUTOMOTIVE GRAPHICS,FCE,Full Compliance Evaluation,https://www.egle.state.mi.us/aps/downloads/SRN/N2702/N2702_FCE_20240718.pdf,N2702,SM OPT OUT,57  Kay Industrial Dr.,LAKE ORION,48359.0,OAKLAND,WARREN,KELLYK6,FCE,Full Compliance Evaluation,"57  Kay Industrial Dr., LAKE ORION, MI 48359"
2024-07-17,2024.0,NAGY READY MIX INC,SAR,Staff Activity Report,https://www.egle.state.mi.us/aps/downloads/SRN/F0034/F0034_SAR_20240717.pdf,F0034,,48000 NIXON,UTICA,,MACOMB,WARREN,BOGNARA1,SAR,Staff Activity Report,
2024-07-17,2024.0,MICHIGAN SUGAR COMPANY - BAY CITY,RVN,Response to Violation Notice,https://www.egle.state.mi.us/aps/downloads/SRN/B1493/B1493_RVN_20240717.pdf,B1493,MAJOR,2600 S Euclid Ave,BAY CITY,48706,BAY,BAY CITY,BREWERK,RVN,Response to Violation Notice,"2600 S Euclid Ave, BAY CITY, MI 48706"
2024-07-17,2024.0,AXALTA COATING SYSTEMS USA LLC,RVN,Response to Violation Notice,https://www.egle.state.mi.us/aps/downloads/SRN/A3569/A3569_RVN_20240717.pdf,A3569,MAJOR,400 Groesbeck Hwy,MOUNT CLEMENS,48043.0,MACOMB,WARREN,BOGNARA1,RVN,Response to Violation Notice,"400 Groesbeck Hwy, MOUNT CLEMENS, MI 48043"
2024-07-16,2024.0,"MOLDED PLASTIC INDUSTRIES, INC.",VN,Violation Notice,https://www.egle.state.mi.us/aps/downloads/SRN/N0034/N0034_VN_20240716.pdf,N0034,MAJOR,2382  JARCO DR,HOLT,48842.0,INGHAM,LANSING,BYRNESR,VN,Violation Notice,"2382  JARCO DR, HOLT, MI 48842"
2024-07-16,2024.0,BEDNARYCZK FARMS LLC,VN,Violation Notice,https://www.egle.state.mi.us/aps/downloads/SRN/N7942/N7942_VN_20240716.pdf,N7942,MINOR,8209 VAN DYKE RD,MARLETTE,48453.0,LAPEER,LANSING,MCGEEND,VN,Violation Notice,"8209 VAN DYKE RD, MARLETTE, MI 48453"
2024-07-15,2024.0,NORTHFIELD MANUFACTURING,ACO,Administrative Consent Order,https://www.egle.state.mi.us/aps/downloads/SRN/N1019/N1019_ACO_20240715.pdf,N1019,MINOR,38549 WEBB,WESTLAND,48185.0,WAYNE,DETROIT,ZIMMERMANJ3,ACO,Administrative Consent Order,"38549 WEBB, WESTLAND, MI 48185"
2024-07-15,2024.0,ROSEVILLE CRUSHED CONCRETE,RVN,Response to Violation Notice,https://www.egle.state.mi.us/aps/downloads/SRN/N6658/N6658_RVN_20240715.pdf,N6658,MINOR,29765 Groesbeck,ROSEVILLE,48066.0,MACOMB,WARREN,JOSEPHR4,RVN,Response to Violation Notice,"29765 Groesbeck, ROSEVILLE, MI 48066"
2024-07-12,2024.0,GEORGE P JOHNSON,SAR,Staff Activity Report,https://www.egle.state.mi.us/aps/downloads/SRN/P1345/P1345_SAR_20240712.pdf,P1345,MINOR,1914 Taylor Point, AUBURN HILLS,48326.0,OAKLAND,,,SAR,Staff Activity Report,"1914 Taylor Point, Auburn Hills, MI 48326"
2024-07-12,2024.0,POWDER COTE II,VN,Violation Notice,https://www.egle.state.mi.us/aps/downloads/SRN/N3308/N3308_VN_20240712.pdf,N3308,MINOR,60 N ROSE ST,MOUNT CLEMENS,48043.0,MACOMB,WARREN,ELMOUCHIR,VN,Violation Notice,"60 N ROSE ST, MOUNT CLEMENS, MI 48043"
2024-07-12,2024.0,VERSATILE WOOD SOLUTIONS,VN,Violation Notice,https://www.egle.state.mi.us/aps/downloads/SRN/P0334/P0334_VN_20240712.pdf,P0334,MINOR,11335 APPLE DRIVE,NUNICA,49448.0,OTTAWA,GRAND RAPIDS,ROBINSONC17,VN,Violation Notice,"11335 APPLE DRIVE, NUNICA, MI 49448"
2024-07-11,2024.0,SPRING ARBOR COATINGS - FOWLERVILLE,FCE,Full Compliance Evaluation,https://www.egle.state.mi.us/aps/downloads/SRN/P0773/P0773_FCE_20240711.pdf,P0773,SM OPT OUT,895 Garden Lane,FOWLERVILLE,48836.0,LIVINGSTON,LANSING,DAVISS46,FCE,Full Compliance Evaluation,"895 Garden Lane, FOWLERVILLE, MI 48836"
2024-07-11,2024.0,TEMPERFORM LLC,FCE,Full Compliance Evaluation,https://www.egle.state.mi.us/aps/downloads/SRN/B7357/B7357_FCE_20240711.pdf,B7357,SM OPT OUT,25425 TRANS X,NOVI,48375.0,OAKLAND,WARREN,KONANAHALLII,FCE,Full Compliance Evaluation,"25425 TRANS X, NOVI, MI 48375"
2024-07-11,2024.0,HOLCIM (US) INC. DBA LAFARGE ALPENA PLANT,SAR,Staff Activity Report,https://www.egle.state.mi.us/aps/downloads/SRN/B1477/B1477_SAR_20240711.pdf,B1477,MAJOR,1435  Ford Avenue,ALPENA,49707.0,ALPENA,CADILLAC,CHILDSK,SAR,Staff Activity Report,"1435  Ford Avenue, ALPENA, MI 49707"
2024-07-11,2024.0,DTE ELECTRIC COMPANY - FERMI ENERGY CENTER,FCE,Full Compliance Evaluation,https://www.egle.state.mi.us/aps/downloads/SRN/B4321/B4321_FCE_20240711.pdf,B4321,MAJOR,6400 NORTH DIXIE HIGHWAY,NEWPORT,48166.0,MONROE,JACKSON,WEEMSS,FCE,Full Compliance Evaluation,"6400 NORTH DIXIE HIGHWAY, NEWPORT, MI 48166"
2024-07-11,2024.0,SPECTRUM HEALTH-BUTTERWORTH CAMPUS,SAR,Staff Activity Report,https://www.egle.state.mi.us/aps/downloads/SRN/M2032/M2032_SAR_20240711.pdf,M2032,SM OPT OUT,100 MICHIGAN ST NE,GRAND RAPIDS,49503.0,KENT,GRAND RAPIDS,COXM9,SAR,Staff Activity Report,"100 MICHIGAN ST NE, GRAND RAPIDS, MI 49503"
2024-07-11,2024.0,DTE ELECTRIC COMPANY - FERMI ENERGY CENTER,SAR,Staff Activity Report,https://www.egle.state.mi.us/aps/downloads/SRN/B4321/B4321_SAR_20240711.pdf,B4321,MAJOR,6400 NORTH DIXIE HIGHWAY,NEWPORT,48166.0,MONROE,JACKSON,WEEMSS,SAR,Staff Activity Report,"6400 NORTH DIXIE HIGHWAY, NEWPORT, MI 48166"
2024-07-10,2024.0,WORTHEN COATED FABRICS,RVN,Response to Violation Notice,https://www.egle.state.mi.us/aps/downloads/SRN/P0634/P0634_RVN_20240710.pdf,P0634,MAJOR,1125 41st Street SE,GRAND RAPIDS,49508.0,KENT,GRAND RAPIDS,LAZZAROA1,RVN,Response to Violation Notice,"1125 41st Street SE, GRAND RAPIDS, MI 49508"
2024-07-10,2024.0,SILICONATURE CORPORATION,VN,Violation Notice,https://www.egle.state.mi.us/aps/downloads/SRN/P0742/P0742_VN_20240710.pdf,P0742,SM OPT OUT,4255 68th Street SE,CALEDONIA,49316.0,KENT,GRAND RAPIDS,LAZZAROA1,VN,Violation Notice,"4255 68th Street SE, CALEDONIA, MI 49316"
2024-07-09,2024.0,LAKELAND MONROE GROUP - PLANT 2,VN,Violation Notice,https://www.egle.state.mi.us/aps/downloads/SRN/N7645/N7645_VN_20240709.pdf,N7645,SM OPT OUT,5400 36TH ST SE,GRAND RAPIDS,49512.0,KENT,GRAND RAPIDS,LAZZAROA1,VN,Violation Notice,"5400 36TH ST SE, GRAND RAPIDS, MI 49512"
2024-07-09,2024.0,"FASTENER COATINGS, INC.",SAR,Staff Activity Report,https://www.egle.state.mi.us/aps/downloads/SRN/N0760/N0760_SAR_20240709.pdf,N0760,SM OPT OUT,1111  RIVER  ROAD,THREE RIVERS,49093.0,SAINT JOSEPH,KALAMAZOO,COLLINSC21,SAR,Staff Activity Report,"1111  RIVER  ROAD, THREE RIVERS, MI 49093"
2024-07-09,2024.0,SUMMIT POLYMERS-VICKSBURG,SAR,Staff Activity Report,https://www.egle.state.mi.us/aps/downloads/SRN/N5044/N5044_SAR_20240709.pdf,N5044,SM OPT OUT,115 South Leja Dr.,VICKSBURG,49097.0,KALAMAZOO,KALAMAZOO,BROTHERSM,SAR,Staff Activity Report,"115 South Leja Dr., VICKSBURG, MI 49097"
2024-07-08,2024.0,LAKELAND MONROE GROUP - PLANT 2,FCE,Full Compliance Evaluation,https://www.egle.state.mi.us/aps/downloads/SRN/N7645/N7645_FCE_20240708.pdf,N7645,SM OPT OUT,5400 36TH ST SE,GRAND RAPIDS,49512.0,KENT,GRAND RAPIDS,LAZZAROA1,FCE,Full Compliance Evaluation,"5400 36TH ST SE, GRAND RAPIDS, MI 49512"
2024-07-08,2024.0,SILICONATURE CORPORATION,FCE,Full Compliance Evaluation,https://www.egle.state.mi.us/aps/downloads/SRN/P0742/P0742_FCE_20240708.pdf,P0742,SM OPT OUT,4255 68th Street SE,CALEDONIA,49316.0,KENT,GRAND RAPIDS,LAZZAROA1,FCE,Full Compliance Evaluation,"4255 68th Street SE, CALEDONIA, MI 49316"
2024-07-05,2024.0,LAYLINE OIL & GAS LLC,RVN,Response to Violation Notice,https://www.egle.state.mi.us/aps/downloads/SRN/P1318/P1318_RVN_20240705.pdf,P1318,,SECTION 12 T20N R06W,LEOTA,49665.0,CLARE,,,RVN,Response to Violation Notice,"Section 12 T20N R06W, Leota, MI 49665"
2024-07-05,2024.0,"LAYLINE OIL & GAS, LLC- ST. A2",RVN,Response to Violation Notice,https://www.egle.state.mi.us/aps/downloads/SRN/P1075/P1075_RVN_20240705.pdf,P1075,SM OPT OUT,NW 1/4 NW 1/4 of Sec 12,HARRISON,49665.0,CLARE,BAY CITY,GENTLEN,RVN,Response to Violation Notice,"NW 1/4 NW 1/4 of Sec 12, HARRISON, MI 49665"
2024-07-03,2024.0,INDUSTRIAL METAL COATINGS INC,VN,Violation Notice,https://www.egle.state.mi.us/aps/downloads/SRN/N5145/N5145_VN_20240703.pdf,N5145,MINOR,6070 18 MILE RD,STERLING HTS,48314.0,MACOMB,WARREN,LEFFERTK,VN,Violation Notice,"6070 18 MILE RD, STERLING HTS, MI 48314"
2024-07-03,2024.0,"MOLDED PLASTIC INDUSTRIES, INC.",FCE,Full Compliance Evaluation,https://www.egle.state.mi.us/aps/downloads/SRN/N0034/N0034_FCE_20240703.pdf,N0034,MAJOR,2382  JARCO DR,HOLT,48842.0,INGHAM,LANSING,BYRNESR,FCE,Full Compliance Evaluation,"2382  JARCO DR, HOLT, MI 48842"
2024-07-03,2024.0,DETROIT WILBERT CREMATION,SAR,Staff Activity Report,https://www.egle.state.mi.us/aps/downloads/SRN/N5507/N5507_SAR_20240703.pdf,N5507,MINOR,70 S SQUIRREL RD UNIT M,AUBURN HILLS,,OAKLAND,WARREN,ELMOUCHIR,SAR,Staff Activity Report,
2024-07-02,2024.0,GRAND RAPIDS WASTEWATER TREATMENT PLANT,SAR,Staff Activity Report,https://www.egle.state.mi.us/aps/downloads/SRN/B1729/B1729_SAR_20240702.pdf,B1729,SM OPT OUT,1300 MARKET AVE SW,GRAND RAPIDS,49503.0,KENT,GRAND RAPIDS,DEVRIESK1,SAR,Staff Activity Report,"1300 MARKET AVE SW, GRAND RAPIDS, MI 49503"
2024-07-02,2024.0,"FERROUS PROCESSING & TRADING CO. PONTIAC, LLC",SAR,Staff Activity Report,https://www.egle.state.mi.us/aps/downloads/SRN/B4146/B4146_SAR_20240702.pdf,B4146,MINOR,500 COLLIER RD,PONTIAC,48343,OAKLAND,WARREN,KONANAHALLII,SAR,Staff Activity Report,"500 COLLIER RD, PONTIAC, MI 48343"
2024-07-02,2024.0,"BRIGHTMARK SUNRYZ RNG, LLC",SAR,Staff Activity Report,https://www.egle.state.mi.us/aps/downloads/SRN/P1158/P1158_SAR_20240702.pdf,P1158,,8460 West Mulberry Road,MORENCI,49256.0,LENAWEE,JACKSON,WEEMSS,SAR,Staff Activity Report,"8460 West Mulberry Road, MORENCI, MI 49256"
2024-07-02,2024.0,"RECONSERVE OF MICHIGAN, INC.",ACO,Administrative Consent Order,https://www.egle.state.mi.us/aps/downloads/SRN/N8081/N8081_ACO_20240702.pdf,N8081,SM OPT OUT,170 ANGELL STREET,BATTLE CREEK,49037.0,CALHOUN,KALAMAZOO,CHAPELA,ACO,Administrative Consent Order,"170 ANGELL STREET, BATTLE CREEK, MI 49037"
2024-07-02,2024.0,MAGNA MIRRORS CORPORATION,FCE,Full Compliance Evaluation,https://www.egle.state.mi.us/aps/downloads/SRN/N1781/N1781_FCE_20240702.pdf,N1781,SM OPT OUT,3575 128th Aveune,HOLLAND,49424.0,OTTAWA,GRAND RAPIDS,ROBINSONC17,FCE,Full Compliance Evaluation,"3575 128th Aveune, HOLLAND, MI 49424"
2024-07-02,2024.0,HOLCIM (US) INC. DBA LAFARGE ALPENA PLANT,VN,Violation Notice,https://www.egle.state.mi.us/aps/downloads/SRN/B1477/B1477_VN_20240702.pdf,B1477,MAJOR,1435  Ford Avenue,ALPENA,49707.0,ALPENA,CADILLAC,CHILDSK,VN,Violation Notice,"1435  Ford Avenue, ALPENA, MI 49707"
2024-07-02,2024.0,"DETROIT WILBERT CREMATION SERVICES EAST, LLC",SAR,Staff Activity Report,https://www.egle.state.mi.us/aps/downloads/SRN/N7548/N7548_SAR_20240702.pdf,N7548,MINOR,44481 GROESBECK HWY,CLINTON TWP,48035.0,MACOMB,WARREN,AHAMMODS,SAR,Staff Activity Report,"44481 GROESBECK HWY, CLINTON TWP, MI 48035"
2024-07-02,2024.0,ATMOSPHERE HEAT TREATING INC.,RVN,Response to Violation Notice,https://www.egle.state.mi.us/aps/downloads/SRN/N7379/N7379_RVN_20240702.pdf,N7379,MINOR,30760 CENTURY DR.,WIXOM,48393.0,OAKLAND,WARREN,KALLUMKALS,RVN,Response to Violation Notice,"30760 CENTURY DR., WIXOM, MI 48393"
2024-07-02,2024.0,DELTA SOLID WASTE MANAGEMENT AUTHORITY,RVN,Response to Violation Notice,https://www.egle.state.mi.us/aps/downloads/SRN/N6035/N6035_RVN_20240702.pdf,N6035,MAJOR,5701 19TH AVENUE N,ESCANABA,49829.0,DELTA,MARQUETTE,LUCEL1,RVN,Response to Violation Notice,"5701 19TH AVENUE N, ESCANABA, MI 49829"
2024-07-02,2024.0,MAGNA MIRRORS CORPORATION,VN,Violation Notice,https://www.egle.state.mi.us/aps/downloads/SRN/N1781/N1781_VN_20240702.pdf,N1781,SM OPT OUT,3575 128th Aveune,HOLLAND,49424.0,OTTAWA,GRAND RAPIDS,ROBINSONC17,VN,Violation Notice,"3575 128th Aveune, HOLLAND, MI 49424"
2024-07-01,2024.0,"VIBRACOUSTIC USA, INC.",RVN,Response to Violation Notice,https://www.egle.state.mi.us/aps/downloads/SRN/A6445/A6445_RVN_20240701.pdf,A6445,SM OPT OUT,180 DAWSON ST,SANDUSKY,48471.0,SANILAC,BAY CITY,SHAFFERA1,RVN,Response to Violation Notice,"180 DAWSON ST, SANDUSKY, MI 48471"
2024-07-01,2024.0,WOODLAND MEADOWS RDF,TEST,Test,https://www.egle.state.mi.us/aps/downloads/SRN/M4449/M4449_TEST_20240701.pdf,M4449,MAJOR,5900 HANNAN,WAYNE,48184.0,WAYNE,DETROIT,LAMBJ1,TEST,Test,"5900 HANNAN, WAYNE, MI 48184"
2024-06-27,2024.0,SOUTHERN MICHIGAN CREMATION SERVICES R.O. INC.,RVN,Response to Violation Notice,https://www.egle.state.mi.us/aps/downloads/SRN/P0932/P0932_RVN_20240627.pdf,P0932,MINOR,4839 Fernlee Avenue,ROYAL OAK,48073.0,OAKLAND,WARREN,AHAMMODS,RVN,Response to Violation Notice,"4839 Fernlee Avenue, ROYAL OAK, MI 48073"
2024-06-27,2024.0,KNOLL,SAR,Staff Activity Report,https://www.egle.state.mi.us/aps/downloads/SRN/B1922/B1922_SAR_20240627.pdf,B1922,MINOR,921 WEST WESTERN,MUSKEGON,49444.0,MUSKEGON,GRAND RAPIDS,EVANSS13,SAR,Staff Activity Report,"921 WEST WESTERN, MUSKEGON, MI 49444"
2024-06-27,2024.0,JIM RASCH FARMS,SAR,Staff Activity Report,https://www.egle.state.mi.us/aps/downloads/SRN/N7838/N7838_SAR_20240627.pdf,N7838,MINOR,490 DICKINSON ST,CONKLIN,,OTTAWA,GRAND RAPIDS,ROBINSONC17,SAR,Staff Activity Report,
2024-06-27,2024.0,VERSATILE WOOD SOLUTIONS,SAR,Staff Activity Report,https://www.egle.state.mi.us/aps/downloads/SRN/P0334/P0334_SAR_20240627.pdf,P0334,MINOR,11335 APPLE DRIVE,NUNICA,49448.0,OTTAWA,GRAND RAPIDS,ROBINSONC17,SAR,Staff Activity Report,"11335 APPLE DRIVE, NUNICA, MI 49448"
2024-06-27,2024.0,"MILLER ENERGY COMPANY II, LLC: NOLET ROAD FACILITY",SAR,Staff Activity Report,https://www.egle.state.mi.us/aps/downloads/SRN/B8884/B8884_SAR_20240627.pdf,B8884,SM OPT OUT,NOLET RD,ESSEXVILLE,48732,BAY,BAY CITY,WITKOPPB,SAR,Staff Activity Report,"NOLET RD, ESSEXVILLE, MI 48732"
2024-06-27,2024.0,MICHIGAN SUGAR COMPANY - BAY CITY,VN,Violation Notice,https://www.egle.state.mi.us/aps/downloads/SRN/B1493/B1493_VN_20240627.pdf,B1493,MAJOR,2600 S Euclid Ave,BAY CITY,48706.0,BAY,BAY CITY,BREWERK,VN,Violation Notice,"2600 S Euclid Ave, BAY CITY, MI 48706"
2024-06-27,2024.0,"MILLER ENERGY COMPANY II, LLC: ARMS RD",SAR,Staff Activity Report,https://www.egle.state.mi.us/aps/downloads/SRN/N0827/N0827_SAR_20240627.pdf,N0827,SM OPT OUT,ARMS RD,ESSEXVILLE,48732,BAY,BAY CITY,WITKOPPB,SAR,Staff Activity Report,"ARMS RD, ESSEXVILLE, MI 48732"
2024-06-27,2024.0,INTECO INC,SAR,Staff Activity Report,https://www.egle.state.mi.us/aps/downloads/SRN/N1226/N1226_SAR_20240627.pdf,N1226,MINOR,5967 MAPLE ISLAND RD,NUNICA,49448.0,MUSKEGON,GRAND RAPIDS,EVANSS13,SAR,Staff Activity Report,"5967 MAPLE ISLAND RD, NUNICA, MI 49448"
2024-06-26,2024.0,"SPARTAN FIRE, LLC",ENFN,Enforcement Notice,https://www.egle.state.mi.us/aps/downloads/SRN/N2503/N2503_ENFN_20240626.pdf,N2503,SM OPT OUT,1663 Reynolds Rd,CHARLOTTE,48813.0,EATON,LANSING,LUPLOWM1,ENFN,Enforcement Notice,"1663 Reynolds Rd, CHARLOTTE, MI 48813"
2024-06-26,2024.0,R L M INDUSTRIES INC,RVN,Response to Violation Notice,https://www.egle.state.mi.us/aps/downloads/SRN/B7348/B7348_RVN_20240626.pdf,B7348,MINOR,100 HUMMER LAKE RD,OXFORD,48371.0,OAKLAND,WARREN,PINGAR,RVN,Response to Violation Notice,"100 HUMMER LAKE RD, OXFORD, MI 48371"
2024-06-26,2024.0,INDUSTRIAL METAL COATINGS INC,SAR,Staff Activity Report,https://www.egle.state.mi.us/aps/downloads/SRN/N5145/N5145_SAR_20240626.pdf,N5145,MINOR,6070 18 MILE RD,STERLING HTS,48314.0,MACOMB,WARREN,LEFFERTK,SAR,Staff Activity Report,"6070 18 MILE RD, STERLING HTS, MI 48314"
2024-06-26,2024.0,WORTHEN COATED FABRICS,VN,Violation Notice,https://www.egle.state.mi.us/aps/downloads/SRN/P0634/P0634_VN_20240626.pdf,P0634,MAJOR,1125 41st Street SE,GRAND RAPIDS,49508.0,KENT,GRAND RAPIDS,LAZZAROA1,VN,Violation Notice,"1125 41st Street SE, GRAND RAPIDS, MI 49508"
2024-06-26,2024.0,AXALTA COATING SYSTEMS USA LLC,VN,Violation Notice,https://www.egle.state.mi.us/aps/downloads/SRN/A3569/A3569_VN_20240626.pdf,A3569,MAJOR,400 Groesbeck Hwy,MOUNT CLEMENS,48043.0,MACOMB,WARREN,BOGNARA1,VN,Violation Notice,"400 Groesbeck Hwy, MOUNT CLEMENS, MI 48043"
2024-06-26,2024.0,NITRO-VAC HEAT TREAT INC.,SAR,Staff Activity Report,https://www.egle.state.mi.us/aps/downloads/SRN/B7800/B7800_SAR_20240626.pdf,B7800,,23080 DEQUINDRE,WARREN,48091.0,MACOMB,WARREN,KALLUMKALS,SAR,Staff Activity Report,"23080 DEQUINDRE, WARREN, MI 48091"
2024-06-25,2024.0,CONSUMERS ENERGY CO. - ZEELAND GENERATING STATION,TEST,Test,https://www.egle.state.mi.us/aps/downloads/SRN/N6521/N6521_TEST_20240625.pdf,N6521,MAJOR,425 Fairview Rd.,ZEELAND,49464,OTTAWA,GRAND RAPIDS,DEVRIESK1,TEST,Test,"425 Fairview Rd., ZEELAND, MI 49464"
2024-06-25,2024.0,"NOR COTE, INC.",SAR,Staff Activity Report,https://www.egle.state.mi.us/aps/downloads/SRN/N5266/N5266_SAR_20240625.pdf,N5266,SM OPT OUT,11425 TIMKEN,WARREN,48089.0,MACOMB,WARREN,LEFFERTK,SAR,Staff Activity Report,"11425 TIMKEN, WARREN, MI 48089"
2024-06-25,2024.0,MARATHON PETROLEUM COMPANY LP,TEST,Test,https://www.egle.state.mi.us/aps/downloads/SRN/A9831/A9831_TEST_20240625.pdf,A9831,MEGASITE,1001 S Oakwood,DETROIT,48217.0,WAYNE,DETROIT,ACEVEDOJ1,TEST,Test,"1001 S Oakwood, DETROIT, MI 48217"
2024-06-25,2024.0,LAKELAND MONROE GROUP - PLANT 2,SAR,Staff Activity Report,https://www.egle.state.mi.us/aps/downloads/SRN/N7645/N7645_SAR_20240625.pdf,N7645,SM OPT OUT,5400 36TH ST SE,GRAND RAPIDS,49512.0,KENT,GRAND RAPIDS,LAZZAROA1,SAR,Staff Activity Report,"5400 36TH ST SE, GRAND RAPIDS, MI 49512"
2024-06-25,2024.0,ROSEVILLE CRUSHED CONCRETE,VN,Violation Notice,https://www.egle.state.mi.us/aps/downloads/SRN/N6658/N6658_VN_20240625.pdf,N6658,MINOR,29765 Groesbeck,ROSEVILLE,48066.0,MACOMB,WARREN,JOSEPHR4,VN,Violation Notice,"29765 Groesbeck, ROSEVILLE, MI 48066"
2024-06-25,2024.0,DELTA SOLID WASTE MANAGEMENT AUTHORITY,VN,Violation Notice,https://www.egle.state.mi.us/aps/downloads/SRN/N6035/N6035_VN_20240625.pdf,N6035,MAJOR,5701 19TH AVENUE N,ESCANABA,49829.0,DELTA,MARQUETTE,LUCEL1,VN,Violation Notice,"5701 19TH AVENUE N, ESCANABA, MI 49829"
2024-06-24,2024.0,CINTAS CORPORATION,FCE,Full Compliance Evaluation,https://www.egle.state.mi.us/aps/downloads/SRN/P0694/P0694_FCE_20240624.pdf,P0694,SM OPT OUT,31850 Sherman Drive,MADISON HTS,48071.0,OAKLAND,WARREN,KELLYK6,FCE,Full Compliance Evaluation,"31850 Sherman Drive, MADISON HTS, MI 48071"
2024-06-24,2024.0,SOUTHERN MICHIGAN CREMATION SERVICES R.O. INC.,VN,Violation Notice,https://www.egle.state.mi.us/aps/downloads/SRN/P0932/P0932_VN_20240624.pdf,P0932,MINOR,4839 Fernlee Avenue,ROYAL OAK,48073.0,OAKLAND,WARREN,AHAMMODS,VN,Violation Notice,"4839 Fernlee Avenue, ROYAL OAK, MI 48073"
2024-06-24,2024.0,ATMOSPHERE HEAT TREATING INC.,VN,Violation Notice,https://www.egle.state.mi.us/aps/downloads/SRN/N7379/N7379_VN_20240624.pdf,N7379,MINOR,30760 CENTURY DR.,WIXOM,48393.0,OAKLAND,WARREN,KALLUMKALS,VN,Violation Notice,"30760 CENTURY DR., WIXOM, MI 48393"
2024-06-21,2024.0,HAMILTON FARM BUREAU,SAR,Staff Activity Report,https://www.egle.state.mi.us/aps/downloads/SRN/B7882/B7882_SAR_20240621.pdf,B7882,,4670 WASHINGTON ST,HAMILTON,49419.0,ALLEGAN,KALAMAZOO,YAZZIEC,SAR,Staff Activity Report,"4670 WASHINGTON ST, HAMILTON, MI 49419"
2024-06-21,2024.0,EDW C LEVY CO PLANT 6,VN,Violation Notice,https://www.egle.state.mi.us/aps/downloads/SRN/B4243/B4243_VN_20240621.pdf,B4243,MAJOR,13800 MELLON AVE,DETROIT,48217.0,WAYNE,DETROIT,KOSTERK1,VN,Violation Notice,"13800 MELLON AVE, DETROIT, MI 48217"
2024-06-21,2024.0,MICHIGAN METAL COATINGS,FCE,Full Compliance Evaluation,https://www.egle.state.mi.us/aps/downloads/SRN/N0950/N0950_FCE_20240621.pdf,N0950,SM OPT OUT,2015 DOVE STREET,PORT HURON,48060.0,SAINT CLAIR,WARREN,JOSEPHR4,FCE,Full Compliance Evaluation,"2015 DOVE STREET, PORT HURON, MI 48060"
2024-06-20,2024.0,AXALTA COATING SYSTEMS USA LLC,FCE,Full Compliance Evaluation,https://www.egle.state.mi.us/aps/downloads/SRN/A3569/A3569_FCE_20240620.pdf,A3569,MAJOR,400 Groesbeck Hwy,MOUNT CLEMENS,48043.0,MACOMB,WARREN,BOGNARA1,FCE,Full Compliance Evaluation,"400 Groesbeck Hwy, MOUNT CLEMENS, MI 48043"
2024-06-20,2024.0,"KNAUF INSULATION, INC.",VN,Violation Notice,https://www.egle.state.mi.us/aps/downloads/SRN/B7205/B7205_VN_20240620.pdf,B7205,MAJOR,1000 E NORTH ST,ALBION,49224.0,CALHOUN,KALAMAZOO,CHAPELA,VN,Violation Notice,"1000 E NORTH ST, ALBION, MI 49224"
2024-06-20,2024.0,WORTHEN COATED FABRICS,FCE,Full Compliance Evaluation,https://www.egle.state.mi.us/aps/downloads/SRN/P0634/P0634_FCE_20240620.pdf,P0634,MAJOR,1125 41st Street SE,GRAND RAPIDS,49508.0,KENT,GRAND RAPIDS,LAZZAROA1,FCE,Full Compliance Evaluation,"1125 41st Street SE, GRAND RAPIDS, MI 49508"
2024-06-20,2024.0,"ALTA CREMATION & SERVICES, INC.",SAR,Staff Activity Report,https://www.egle.state.mi.us/aps/downloads/SRN/P1145/P1145_SAR_20240620.pdf,P1145,,13425 Capital Street,OAK PARK,48076.0,OAKLAND,WARREN,ELMOUCHIR,SAR,Staff Activity Report,"13425 Capital Street, OAK PARK, MI 48076"
2024-06-19,2024.0,J. H. CAMPBELL PLANT,TEST,Test,https://www.egle.state.mi.us/aps/downloads/SRN/B2835/B2835_TEST_20240619.pdf,B2835,MAJOR,17000  Croswell,WEST OLIVE,49460,OTTAWA,GRAND RAPIDS,DEVRIESK1,TEST,Test,"17000  Croswell, WEST OLIVE, MI 49460"
2024-06-18,2024.0,CONTINENTAL IDENTIFICATION PRODUCTS,FCE,Full Compliance Evaluation,https://www.egle.state.mi.us/aps/downloads/SRN/M3549/M3549_FCE_20240618.pdf,M3549,SM OPT OUT,140 E AVERILL ST,SPARTA,49345.0,KENT,GRAND RAPIDS,COXM9,FCE,Full Compliance Evaluation,"140 E AVERILL ST, SPARTA, MI 49345"
2024-06-18,2024.0,LAYLINE OIL & GAS LLC,VN,Violation Notice,https://www.egle.state.mi.us/aps/downloads/SRN/P1318/P1318_VN_20240618.pdf,P1318,,SECTION 12 T20N R06W,LEOTA,49665.0,CLARE,,,VN,Violation Notice,"Section 12 T20N R06W, Leota, MI 49665"
2024-06-18,2024.0,"MARTIN MARIETTA MAGNESIA SPECIALTIES, LLC",TEST,Test,https://www.egle.state.mi.us/aps/downloads/SRN/A3900/A3900_TEST_20240618.pdf,A3900,MAJOR,1800  Eastlake Rd.,MANISTEE,49660.0,MANISTEE,CADILLAC,CHILDSK,TEST,Test,"1800  Eastlake Rd., MANISTEE, MI 49660"
2024-06-18,2024.0,"GENERAL FORMULATIONS, INC.",SAR,Staff Activity Report,https://www.egle.state.mi.us/aps/downloads/SRN/M3554/M3554_SAR_20240618.pdf,M3554,SM OPT OUT,320 S. Union St.,SPARTA,49345,KENT,GRAND RAPIDS,COXM9,SAR,Staff Activity Report,"320 S. Union St., SPARTA, MI 49345"
2024-06-18,2024.0,DIAMOND RACING PRODUCTS,SAR,Staff Activity Report,https://www.egle.state.mi.us/aps/downloads/SRN/P1067/P1067_SAR_20240618.pdf,P1067,MINOR,35075 Automation Drive,CLINTON TWP,48035.0,MACOMB,WARREN,,SAR,Staff Activity Report,"35075 Automation Drive, CLINTON TWP, MI 48035"
2024-06-18,2024.0,ANR PIPELINE COMPANY - HAMILTON COMPRESSOR STATION,TEST,Test,https://www.egle.state.mi.us/aps/downloads/SRN/N5574/N5574_TEST_20240618.pdf,N5574,MAJOR,4193  134th Ave,HAMILTON,49419.0,ALLEGAN,KALAMAZOO,YAZZIEC,TEST,Test,"4193  134th Ave, HAMILTON, MI 49419"
2024-06-18,2024.0,DIAMOND RACING PRODUCTS,SAR,Staff Activity Report,https://www.egle.state.mi.us/aps/downloads/SRN/N8016/N8016_SAR_20240618.pdf,N8016,MINOR,23003 DIAMOND DR,CLINTON TWP,48035.0,MACOMB,WARREN,ELMOUCHIR,SAR,Staff Activity Report,"23003 DIAMOND DR, CLINTON TWP, MI 48035"
2024-06-18,2024.0,MARQUETTE BOARD OF LIGHT & POWER,RVN,Response to Violation Notice,https://www.egle.state.mi.us/aps/downloads/SRN/N5887/N5887_RVN_20240618.pdf,N5887,,Powder Mill Road off of County Road 550,MARQUETTE,49855.0,MARQUETTE,MARQUETTE,SCANLANJ,RVN,Response to Violation Notice,"Powder Mill Road off of County Road 550, MARQUETTE, MI 49855"
2024-06-18,2024.0,"LAYLINE OIL & GAS, LLC- ST. A2",VN,Violation Notice,https://www.egle.state.mi.us/aps/downloads/SRN/P1075/P1075_VN_20240618.pdf,P1075,SM OPT OUT,NW 1/4 NW 1/4 of Sec 12,HARRISON,49665.0,CLARE,BAY CITY,GENTLEN,VN,Violation Notice,"NW 1/4 NW 1/4 of Sec 12, HARRISON, MI 49665"
2024-06-18,2024.0,KAY AUTOMOTIVE GRAPHICS,SAR,Staff Activity Report,https://www.egle.state.mi.us/aps/downloads/SRN/N2702/N2702_SAR_20240618.pdf,N2702,SM OPT OUT,57  Kay Industrial Dr.,LAKE ORION,48359.0,OAKLAND,WARREN,KELLYK6,SAR,Staff Activity Report,"57  Kay Industrial Dr., LAKE ORION, MI 48359"
2024-06-17,2024.0,BILLCO PRODUCTS,VN,Violation Notice,https://www.egle.state.mi.us/aps/downloads/SRN/N0984/N0984_VN_20240617.pdf,N0984,,1373 S LINCOLN AVE,HOLLAND,49423.0,ALLEGAN,KALAMAZOO,YAZZIEC,VN,Violation Notice,"1373 S LINCOLN AVE, HOLLAND, MI 49423"
2024-06-17,2024.0,"ARBOR HILLS LANDFILL, INC.",RVN,Response to Violation Notice,https://www.egle.state.mi.us/aps/downloads/SRN/N2688/N2688_RVN_20240617.pdf,N2688,MAJOR,10690 W. SIX MILE RD,NORTHVILLE,48168.0,WASHTENAW,JACKSON,KAVANAUGHD,RVN,Response to Violation Notice,"10690 W. SIX MILE RD, NORTHVILLE, MI 48168"
2024-06-14,2024.0,GILMORE INC.,FCE,Full Compliance Evaluation,https://www.egle.state.mi.us/aps/downloads/SRN/N5877/N5877_FCE_20240614.pdf,N5877,SM OPT OUT,321 TERMINAL ST SW,GRAND RAPIDS,49548.0,KENT,GRAND RAPIDS,LAZZAROA1,FCE,Full Compliance Evaluation,"321 TERMINAL ST SW, GRAND RAPIDS, MI 49548"
2024-06-14,2024.0,"RIETH-RILEY CONSTRUCTION CO., INC.",FCE,Full Compliance Evaluation,https://www.egle.state.mi.us/aps/downloads/SRN/B1986/B1986_FCE_20240614.pdf,B1986,SM OPT OUT,724  EAST WASHINGTON,ZEELAND,49464.0,OTTAWA,GRAND RAPIDS,ROBINSONC17,FCE,Full Compliance Evaluation,"724  EAST WASHINGTON, ZEELAND, MI 49464"
2024-06-14,2024.0,"ARBOR HILLS LANDFILL, INC.",VN,Violation Notice,https://www.egle.state.mi.us/aps/downloads/SRN/N2688/N2688_VN_20240614.pdf,N2688,MAJOR,10690 W. SIX MILE RD,NORTHVILLE,48168.0,WASHTENAW,JACKSON,KAVANAUGHD,VN,Violation Notice,"10690 W. SIX MILE RD, NORTHVILLE, MI 48168"
2024-06-14,2024.0,ERVIN AMASTEEL DIVISION,VN,Violation Notice,https://www.egle.state.mi.us/aps/downloads/SRN/B1754/B1754_VN_20240614.pdf,B1754,MAJOR,915  TABOR ST.,ADRIAN,49221.0,LENAWEE,JACKSON,KOVALCHICKM,VN,Violation Notice,"915  TABOR ST., ADRIAN, MI 49221"
2024-06-13,2024.0,TITAN CONCRETE,SAR,Staff Activity Report,https://www.egle.state.mi.us/aps/downloads/SRN/P1297/P1297_SAR_20240613.pdf,P1297,MINOR,6497 East 10 Mile Rd, CENTER LINE,48015.0,MACOMB,,,SAR,Staff Activity Report,"6497 East 10 Mile Rd, Center Line, MI 48015"
2024-06-13,2024.0,X-CEL INDUSTRIES INC.,FCE,Full Compliance Evaluation,https://www.egle.state.mi.us/aps/downloads/SRN/N6594/N6594_FCE_20240613.pdf,N6594,SM OPT OUT,21121 Telegraph Rd,SOUTHFIELD,48034.0,OAKLAND,WARREN,ELMOUCHIR,FCE,Full Compliance Evaluation,"21121 Telegraph Rd, SOUTHFIELD, MI 48034"
2024-06-13,2024.0,SEAL BOND LLC,FCE,Full Compliance Evaluation,https://www.egle.state.mi.us/aps/downloads/SRN/P1262/P1262_FCE_20240613.pdf,P1262,,1251 E MOUNT GARFIELD ROAD,NORTON SHORES,49441.0,MUSKEGON,GRAND RAPIDS,,FCE,Full Compliance Evaluation,"1251 E MOUNT GARFIELD ROAD, NORTON SHORES, MI 49441"
2024-06-13,2024.0,"POET BIOREFINING - CARO, LLC",RVN,Response to Violation Notice,https://www.egle.state.mi.us/aps/downloads/SRN/N6996/N6996_RVN_20240613.pdf,N6996,MAJOR,1551 Empire Drive,CARO,48723.0,TUSCOLA,BAY CITY,SHAFFERA1,RVN,Response to Violation Notice,"1551 Empire Drive, CARO, MI 48723"
2024-06-12,2024.0,SHELBY CABINETS,FCE,Full Compliance Evaluation,https://www.egle.state.mi.us/aps/downloads/SRN/N7999/N7999_FCE_20240612.pdf,N7999,SM OPT OUT,4651 25 MILE RD,SHELBY TWP,48316.0,MACOMB,WARREN,PINGAR,FCE,Full Compliance Evaluation,"4651 25 MILE RD, SHELBY TWP, MI 48316"
2024-06-12,2024.0,DRAYTON IRON AND METAL CO,VN,Violation Notice,https://www.egle.state.mi.us/aps/downloads/SRN/B5465/B5465_VN_20240612.pdf,B5465,MINOR,5229 WILLIAMS LAKE RD,DRAYTON PLNS,48020.0,OAKLAND,WARREN,BOGNARA1,VN,Violation Notice,"5229 WILLIAMS LAKE RD, DRAYTON PLNS, MI 48020"
2024-06-12,2024.0,"PRECISION COATINGS, INC.",FCE,Full Compliance Evaluation,https://www.egle.state.mi.us/aps/downloads/SRN/A5496/A5496_FCE_20240612.pdf,A5496,SM OPT OUT,8120  Goldie St.,WALLED LAKE,48390.0,OAKLAND,WARREN,KELLYK6,FCE,Full Compliance Evaluation,"8120  Goldie St., WALLED LAKE, MI 48390"
2024-06-12,2024.0,PIONEER METAL FINISHING INDUSTRIAL HWY,TEST,Test,https://www.egle.state.mi.us/aps/downloads/SRN/N5747/N5747_TEST_20240612.pdf,N5747,SM OPT OUT,24600 INDUSTRIAL HWY,WARREN,48089.0,MACOMB,WARREN,LEFFERTK,TEST,Test,"24600 INDUSTRIAL HWY, WARREN, MI 48089"
2024-06-12,2024.0,MARATHON PETROLEUM COMPANY LP,TEST,Test,https://www.egle.state.mi.us/aps/downloads/SRN/A9831/A9831_TEST_20240612.pdf,A9831,MEGASITE,1001 S Oakwood,DETROIT,48217.0,WAYNE,DETROIT,ACEVEDOJ1,TEST,Test,"1001 S Oakwood, DETROIT, MI 48217"
2024-06-12,2024.0,REGIONAL STEEL DISTRIBUTION CENTER  (RSDC),SAR,Staff Activity Report,https://www.egle.state.mi.us/aps/downloads/SRN/N7049/N7049_SAR_20240612.pdf,N7049,MINOR,1775 Hollaway Dr,HOLT,48842.0,INGHAM,LANSING,LUPLOWM1,SAR,Staff Activity Report,"1775 Hollaway Dr, HOLT, MI 48842"
2024-06-12,2024.0,LAPEER COUNTY HEALTH DEPT,VN,Violation Notice,https://www.egle.state.mi.us/aps/downloads/SRN/N5115/N5115_VN_20240612.pdf,N5115,,2396 W GENESEE,LAPEER,48846.0,LAPEER,LANSING,MCGEEND,VN,Violation Notice,"2396 W GENESEE, LAPEER, MI 48846"
2024-06-11,2024.0,ROSEVILLE CRUSHED CONCRETE,SAR,Staff Activity Report,https://www.egle.state.mi.us/aps/downloads/SRN/N6658/N6658_SAR_20240611.pdf,N6658,MINOR,29765 Groesbeck,ROSEVILLE,48066.0,MACOMB,WARREN,JOSEPHR4,SAR,Staff Activity Report,"29765 Groesbeck, ROSEVILLE, MI 48066"
2024-06-11,2024.0,"D & D AMALGAMATED SERVICES, INC.",SAR,Staff Activity Report,https://www.egle.state.mi.us/aps/downloads/SRN/P1032/P1032_SAR_20240611.pdf,P1032,MINOR,814 Nola Street,KALAMAZOO,49079.0,KALAMAZOO,KALAMAZOO,BROTHERSM,SAR,Staff Activity Report,"814 Nola Street, KALAMAZOO, MI 49079"
2024-06-11,2024.0,GILMORE INC.,SAR,Staff Activity Report,https://www.egle.state.mi.us/aps/downloads/SRN/N5877/N5877_SAR_20240611.pdf,N5877,SM OPT OUT,321 TERMINAL ST SW,GRAND RAPIDS,49548.0,KENT,GRAND RAPIDS,LAZZAROA1,SAR,Staff Activity Report,"321 TERMINAL ST SW, GRAND RAPIDS, MI 49548"
2024-06-11,2024.0,GOING GREEN,SAR,Staff Activity Report,https://www.egle.state.mi.us/aps/downloads/SRN/P0141/P0141_SAR_20240611.pdf,P0141,MINOR,1110 Fulford,KALAMAZOO,49001.0,KALAMAZOO,KALAMAZOO,BROTHERSM,SAR,Staff Activity Report,"1110 Fulford, KALAMAZOO, MI 49001"
2024-06-11,2024.0,UNIBAND USA LLC,SAR,Staff Activity Report,https://www.egle.state.mi.us/aps/downloads/SRN/P1328/P1328_SAR_20240611.pdf,P1328,,2500 TURNER AVE NW,WALKER,49544.0,KENT,,,SAR,Staff Activity Report,"2500 Turner Ave NW, Walker, MI 49544"
2024-06-11,2024.0,MICHIGAN POWER LIMITED PARTNERSHIP,TEST,Test,https://www.egle.state.mi.us/aps/downloads/SRN/N4975/N4975_TEST_20240611.pdf,N4975,MAJOR,5795 6th Street,LUDINGTON,49431.0,MASON,CADILLAC,OWENSC1,TEST,Test,"5795 6th Street, LUDINGTON, MI 49431"
2024-06-11,2024.0,WARREN WASTE WATER TREATMENT PLANT,TEST,Test,https://www.egle.state.mi.us/aps/downloads/SRN/B1792/B1792_TEST_20240611.pdf,B1792,MAJOR,32360  Warkop,WARREN,48093.0,MACOMB,WARREN,JOSEPHR4,TEST,Test,"32360  Warkop, WARREN, MI 48093"
2024-06-11,2024.0,GOING GREEN,SAR,Staff Activity Report,https://www.egle.state.mi.us/aps/downloads/SRN/P0135/P0135_SAR_20240611.pdf,P0135,MINOR,2109 Olmstead,KALAMAZOO,49001.0,KALAMAZOO,KALAMAZOO,BROTHERSM,SAR,Staff Activity Report,"2109 Olmstead, KALAMAZOO, MI 49001"
2024-06-11,2024.0,SMITHS GROUP SERVICES CORP,SAR,Staff Activity Report,https://www.egle.state.mi.us/aps/downloads/SRN/P0093/P0093_SAR_20240611.pdf,P0093,,4247 Eastern Ave,WYOMING,49508.0,KENT,GRAND RAPIDS,LAZZAROA1,SAR,Staff Activity Report,"4247 Eastern Ave, WYOMING, MI 49508"
2024-06-11,2024.0,"CADILLAC ASPHALT LLC, RAWSONVILLE",TEST,Test,https://www.egle.state.mi.us/aps/downloads/SRN/B4280/B4280_TEST_20240611.pdf,B4280,SM OPT OUT,1785 RAWSONVILLE RD,BELLEVILLE,48111.0,WAYNE,DETROIT,CONNERM3,TEST,Test,"1785 RAWSONVILLE RD, BELLEVILLE, MI 48111"
2024-06-10,2024.0,ATMOSPHERE HEAT TREATING INC.,SAR,Staff Activity Report,https://www.egle.state.mi.us/aps/downloads/SRN/N7379/P0694_SAR_20240610.pdf,N7379,MINOR,30760 CENTURY DR.,WIXOM,48393.0,OAKLAND,WARREN,KALLUMKALS,SAR,Staff Activity Report,"30760 CENTURY DR., WIXOM, MI 48393"
2024-06-10,2024.0,GREDE LLC - IRON MOUNTAIN,FCE,Full Compliance Evaluation,https://www.egle.state.mi.us/aps/downloads/SRN/B1577/B1577_FCE_20240610.pdf,B1577,MAJOR,801 S CARPENTER AVE,KINGSFORD,49802.0,DICKINSON,MARQUETTE,CONKLINM1,FCE,Full Compliance Evaluation,"801 S CARPENTER AVE, KINGSFORD, MI 49802"
2024-06-10,2024.0,"VIBRACOUSTIC USA, INC.",VN,Violation Notice,https://www.egle.state.mi.us/aps/downloads/SRN/A6445/A6445_VN_20240610.pdf,A6445,SM OPT OUT,180 DAWSON ST,SANDUSKY,48471.0,SANILAC,BAY CITY,SHAFFERA1,VN,Violation Notice,"180 DAWSON ST, SANDUSKY, MI 48471"
2024-06-10,2024.0,"CAPITAL STEEL & WIRE, INC.",SAR,Staff Activity Report,https://www.egle.state.mi.us/aps/downloads/SRN/N2012/N2012_SAR_20240610.pdf,N2012,,805 Hull Road,MASON,48854.0,INGHAM,LANSING,LUPLOWM1,SAR,Staff Activity Report,"805 Hull Road, MASON, MI 48854"
2024-06-10,2024.0,GREDE LLC - IRON MOUNTAIN,SAR,Staff Activity Report,https://www.egle.state.mi.us/aps/downloads/SRN/B1577/B1577-SAR_20240610.pdf,B1577,MAJOR,801 S CARPENTER AVE,KINGSFORD,49802.0,DICKINSON,MARQUETTE,CONKLINM1,SAR,Staff Activity Report,"801 S CARPENTER AVE, KINGSFORD, MI 49802"
2024-06-10,2024.0,CINTAS CORPORATION,SAR,Staff Activity Report,https://www.egle.state.mi.us/aps/downloads/SRN/P0694/P0694_SAR_20240610.pdf,P0694,SM OPT OUT,31850 Sherman Drive,MADISON HTS,48071.0,OAKLAND,WARREN,KELLYK6,SAR,Staff Activity Report,"31850 Sherman Drive, MADISON HTS, MI 48071"
2024-06-08,2024.0,SOUTHERN MICHIGAN CREMATION SERVICES R.O. INC.,RVN,Response to Violation Notice,https://www.egle.state.mi.us/aps/downloads/SRN/P0932/P0932_RVN_20240608.pdf,P0932,MINOR,4839 Fernlee Avenue,ROYAL OAK,48073.0,OAKLAND,WARREN,AHAMMODS,RVN,Response to Violation Notice,"4839 Fernlee Avenue, ROYAL OAK, MI 48073"
2024-06-07,2024.0,"ARBOR HILLS LANDFILL, INC.",SAR,Staff Activity Report,https://www.egle.state.mi.us/aps/downloads/SRN/N2688/N2688_SAR_20240607.pdf,N2688,MAJOR,10690 W. SIX MILE RD,NORTHVILLE,48168.0,WASHTENAW,JACKSON,KAVANAUGHD,SAR,Staff Activity Report,"10690 W. SIX MILE RD, NORTHVILLE, MI 48168"
2024-06-06,2024.0,"CITIZENS DISPOSAL, INC.",FCE,Full Compliance Evaluation,https://www.egle.state.mi.us/aps/downloads/SRN/N5991/N5991_FCE_20240606.pdf,N5991,MAJOR,2361 W. Grand Blanc Rd.,GRAND BLANC,48439.0,GENESEE,LANSING,BRUNNERJ1,FCE,Full Compliance Evaluation,"2361 W. Grand Blanc Rd., GRAND BLANC, MI 48439"
2024-06-06,2024.0,"HOLLAND BPW, 48TH STREET PEAKING STATION",TEST,Test,https://www.egle.state.mi.us/aps/downloads/SRN/N2586/N2586_TEST_20240606.pdf,N2586,MAJOR,491 E 48th St,HOLLAND,49423.0,ALLEGAN,KALAMAZOO,YAZZIEC,TEST,Test,"491 E 48th St, HOLLAND, MI 49423"
2024-06-06,2024.0,"STONECO INC, OTTAWA LAKE",FCE,Full Compliance Evaluation,https://www.egle.state.mi.us/aps/downloads/SRN/B4922/B4922_FCE_20240606.pdf,B4922,SM OPT OUT,7555 Whiteford Rd,OTTAWA LAKE,49267.0,MONROE,JACKSON,KAVANAUGHD,FCE,Full Compliance Evaluation,"7555 Whiteford Rd, OTTAWA LAKE, MI 49267"
2024-06-06,2024.0,DOUBLE EAGLE STEEL COATING COMPANY,ASBVN,Asbestos Violation Notice,https://www.egle.state.mi.us/aps/downloads/SRN/N1089/N1089_ASBVN_20240606.pdf,N1089,,3000 Miller Rd,DEARBORN,48120.0,WAYNE,DETROIT,ZIMMERMANJ3,ASBVN,Asbestos Violation Notice,"3000 Miller Rd, DEARBORN, MI 48120"
2024-06-06,2024.0,"STONECO INC, OTTAWA LAKE",SAR,Staff Activity Report,https://www.egle.state.mi.us/aps/downloads/SRN/B4922/B4922_SAR_20240606.pdf,B4922,SM OPT OUT,7555 Whiteford Rd,OTTAWA LAKE,49267.0,MONROE,JACKSON,KAVANAUGHD,SAR,Staff Activity Report,"7555 Whiteford Rd, OTTAWA LAKE, MI 49267"
2024-06-05,2024.0,EAGLE ALUMINUM CAST PRODUCTS INC.,SAR,Staff Activity Report,https://www.egle.state.mi.us/aps/downloads/SRN/P0319/P0319_SAR_20240605.pdf,P0319,MINOR,2134 NORTHWOODS DRIVE,MUSKEGON,49442.0,MUSKEGON,GRAND RAPIDS,GRINSTERNE,SAR,Staff Activity Report,"2134 NORTHWOODS DRIVE, MUSKEGON, MI 49442"
2024-06-05,2024.0,HOLCIM,VN2,2nd Violation Notice,https://www.egle.state.mi.us/aps/downloads/SRN/B1743/B1743_VN2_20240605.pdf,B1743,MINOR,15215  DAY RD,DUNDEE,48131.0,MONROE,JACKSON,KAVANAUGHD,VN,Violation Notice,"15215  DAY RD, DUNDEE, MI 48131"
2024-06-05,2024.0,"MAYCO INTERNATIONAL, LLC",FCE,Full Compliance Evaluation,https://www.egle.state.mi.us/aps/downloads/SRN/N1316/N1316_FCE_20240605.pdf,N1316,MAJOR,42400  Merrill,STERLING HTS,48314.0,MACOMB,WARREN,PINGAR,FCE,Full Compliance Evaluation,"42400  Merrill, STERLING HTS, MI 48314"
2024-06-05,2024.0,ANR PIPELINE CO -  WOOLFOLK COMPRESSOR STATION,FCE,Full Compliance Evaluation,https://www.egle.state.mi.us/aps/downloads/SRN/B7220/B7220_FCE_20240605.pdf,B7220,MAJOR,11039  150th Ave.,BIG RAPIDS,49307.0,MECOSTA,GRAND RAPIDS,ROBINSONC17,FCE,Full Compliance Evaluation,"11039  150th Ave., BIG RAPIDS, MI 49307"
2024-06-04,2024.0,CONSUMERS ENERGY - FREEDOM COMPRESSOR STATION,TEST,Test,https://www.egle.state.mi.us/aps/downloads/SRN/N3920/N3920_TEST_20240604.pdf,N3920,MAJOR,12201  PLEASANT LAKE RD,MANCHESTER,48158,WASHTENAW,JACKSON,KOVALCHICKM,TEST,Test,"12201  PLEASANT LAKE RD, MANCHESTER, MI 48158"
2024-06-04,2024.0,WEXFORD COUNTY LANDFILL,FCE,Full Compliance Evaluation,https://www.egle.state.mi.us/aps/downloads/SRN/N3862/N3862_FCE_20240604.pdf,N3862,MAJOR,990 North Mackinaw Trail,MANTON,49663.0,WEXFORD,CADILLAC,DICKMANR,FCE,Full Compliance Evaluation,"990 North Mackinaw Trail, MANTON, MI 49663"
2024-06-04,2024.0,WEXFORD COUNTY LANDFILL,SAR,Staff Activity Report,https://www.egle.state.mi.us/aps/downloads/SRN/N3862/N3862_SAR_20240604.pdf,N3862,MAJOR,990 North Mackinaw Trail,MANTON,49663.0,WEXFORD,CADILLAC,DICKMANR,SAR,Staff Activity Report,"990 North Mackinaw Trail, MANTON, MI 49663"
2024-06-04,2024.0,CITY OF MIDLAND UTILITIES DIVISION,TEST,Test,https://www.egle.state.mi.us/aps/downloads/SRN/N6004/N6004_TEST_20240604.pdf,N6004,MAJOR,4311 E. Ashman St.,MIDLAND,48642.0,MIDLAND,BAY CITY,MCCANNG2,TEST,Test,"4311 E. Ashman St., MIDLAND, MI 48642"
2024-06-04,2024.0,SAPA TRANSMISSION,FCE,Full Compliance Evaluation,https://www.egle.state.mi.us/aps/downloads/SRN/P0957/P0957_FCE_20240604.pdf,P0957,,11971 Investment Drive,SHELBY TWP,48315.0,MACOMB,WARREN,DZIADOSZM,FCE,Full Compliance Evaluation,"11971 Investment Drive, SHELBY TWP, MI 48315"
2024-06-03,2024.0,OTSEGO PAPER INC,RVN,Response to Violation Notice,https://www.egle.state.mi.us/aps/downloads/SRN/A0023/A0023_RVN_20240603.pdf,A0023,MAJOR,320 N Farmer St.,OTSEGO,49078.0,ALLEGAN,KALAMAZOO,YAZZIEC,RVN,Response to Violation Notice,"320 N Farmer St., OTSEGO, MI 49078"
2024-06-03,2024.0,FCA US LLC STERLING HEIGHTS ASSEMBLY PLANT,TEST,Test,https://www.egle.state.mi.us/aps/downloads/SRN/B7248/B7248_TEST_20240603.pdf,B7248,MAJOR,38111  Van Dyke,STERLING HTS,48312,MACOMB,WARREN,KONANAHALLII,TEST,Test,"38111  Van Dyke, STERLING HTS, MI 48312"
2024-06-03,2024.0,DT MIDSTREAM - WASHINGTON 10 COMPRESSOR STATION,TEST,Test,https://www.egle.state.mi.us/aps/downloads/SRN/N3391/N3391_TEST_20240603.pdf,N3391,MAJOR,12700  30 MILE ROAD,WASHINGTON,48095.0,MACOMB,WARREN,KELLYK6,TEST,Test,"12700  30 MILE ROAD, WASHINGTON, MI 48095"
2024-06-03,2024.0,GAGE PRODUCTS COMPANY,TEST,Test,https://www.egle.state.mi.us/aps/downloads/SRN/N0842/N0842_TEST_20240603.pdf,N0842,SM OPT OUT,625 Wanda Avenue,FERNDALE,48220.0,OAKLAND,WARREN,ELMOUCHIR,TEST,Test,"625 Wanda Avenue, FERNDALE, MI 48220"
2024-06-03,2024.0,ELITE CLEANROOM SERVICES,RVN,Response to Violation Notice,https://www.egle.state.mi.us/aps/downloads/SRN/P0455/P0455_RVN_20240603.pdf,P0455,MINOR,548 S COURT STREET,LAPEER,48446.0,LAPEER,LANSING,MCGEEND,RVN,Response to Violation Notice,"548 S COURT STREET, LAPEER, MI 48446"
2024-05-31,2024.0,"KALSEC, INCORPORATED",FCE,Full Compliance Evaluation,https://www.egle.state.mi.us/aps/downloads/SRN/A1991/A1991_FCE_20240531.pdf,A1991,MAJOR,3713 West Main St,KALAMAZOO,49005.0,KALAMAZOO,KALAMAZOO,BROTHERSM,FCE,Full Compliance Evaluation,"3713 West Main St, KALAMAZOO, MI 49005"
2024-05-31,2024.0,SHEPLER'S INC.,SAR,Staff Activity Report,https://www.egle.state.mi.us/aps/downloads/SRN/N5143/N5143_SAR_20240531.pdf,N5143,MINOR,121 South Huron Avenue,MACKINAW CITY,49701.0,CHEBOYGAN,GAYLORD,RADULSKIR,SAR,Staff Activity Report,"121 South Huron Avenue, MACKINAW CITY, MI 49701"
2024-05-30,2024.0,VENICE PARK RDF,TEST,Test,https://www.egle.state.mi.us/aps/downloads/SRN/N5910/N5910_TEST_20240530.pdf,N5910,MAJOR,9536  Lennon Rd.,LENNON,48449.0,SHIAWASSEE,LANSING,BRUNNERJ1,TEST,Test,"9536  Lennon Rd., LENNON, MI 48449"
2024-05-30,2024.0,WORTHEN COATED FABRICS,SAR,Staff Activity Report,https://www.egle.state.mi.us/aps/downloads/SRN/P0634/P0634_SAR_20240530.pdf,P0634,MAJOR,1125 41st Street SE,GRAND RAPIDS,49508.0,KENT,GRAND RAPIDS,LAZZAROA1,SAR,Staff Activity Report,"1125 41st Street SE, GRAND RAPIDS, MI 49508"
2024-05-30,2024.0,FORD MOTOR COMPANY - FLAT ROCK ASSEMBLY,TEST,Test,https://www.egle.state.mi.us/aps/downloads/SRN/N0929/N0929_TEST_20240530.pdf,N0929,MAJOR,1  INTERNATIONAL DR,FLAT ROCK,48134.0,WAYNE,DETROIT,LAMBJ1,TEST,Test,"1  INTERNATIONAL DR, FLAT ROCK, MI 48134"
2024-05-30,2024.0,MICHIGAN METAL COATINGS,SAR,Staff Activity Report,https://www.egle.state.mi.us/aps/downloads/SRN/N0950/N0950_SAR_20240530.pdf,N0950,SM OPT OUT,2015 DOVE STREET,PORT HURON,48060.0,SAINT CLAIR,WARREN,JOSEPHR4,SAR,Staff Activity Report,"2015 DOVE STREET, PORT HURON, MI 48060"
2024-05-30,2024.0,DTE ELECTRIC COMPANY - PLACID PEAKING FACILITY,FCE,Full Compliance Evaluation,https://www.egle.state.mi.us/aps/downloads/SRN/B2803/B2803_FCE_20240530.pdf,B2803,MAJOR,4912 EDGAR ROAD,CLARKSTON,48346.0,OAKLAND,WARREN,AHAMMODS,FCE,Full Compliance Evaluation,"4912 EDGAR ROAD, CLARKSTON, MI 48346"
2024-05-30,2024.0,SILICONATURE CORPORATION,SAR,Staff Activity Report,https://www.egle.state.mi.us/aps/downloads/SRN/P0742/P0742_SAR_20240530.pdf,P0742,SM OPT OUT,4255 68th Street SE,CALEDONIA,49316.0,KENT,GRAND RAPIDS,LAZZAROA1,SAR,Staff Activity Report,"4255 68th Street SE, CALEDONIA, MI 49316"
2024-05-29,2024.0,MERIDIAN RESOURCES LLC,SAR,Staff Activity Report,https://www.egle.state.mi.us/aps/downloads/SRN/P0939/P0939_SAR_20240529.pdf,P0939,,8327 East Bacon Road,OSSEO,49266.0,HILLSDALE,JACKSON,KOVALCHICKM,SAR,Staff Activity Report,"8327 East Bacon Road, OSSEO, MI 49266"
2024-05-29,2024.0,MATHY CONSTRUCTION CO  PLANT 57,FCE,Full Compliance Evaluation,https://www.egle.state.mi.us/aps/downloads/SRN/N5626/N5626_FCE_20240529.pdf,N5626,MINOR,PORTABLE ASPHALT PLANT 57  #323-95A,IRONWOOD,49938.0,GOGEBIC,MARQUETTE,SCANLANJ,FCE,Full Compliance Evaluation,"PORTABLE ASPHALT PLANT 57  #323-95A, IRONWOOD, MI 49938"
2024-05-29,2024.0,MATHY CONSTRUCTION CO  PLANT 41,FCE,Full Compliance Evaluation,https://www.egle.state.mi.us/aps/downloads/SRN/N2680/N2680_FCE_20240529.pdf,N2680,MINOR,PORTABLE ASPHALT PLANT 41 #780-90B,IRONWOOD,49938.0,GOGEBIC,MARQUETTE,SCANLANJ,FCE,Full Compliance Evaluation,"PORTABLE ASPHALT PLANT 41 #780-90B, IRONWOOD, MI 49938"
2024-05-29,2024.0,MERIDIAN RESOURCES LLC,SAR,Staff Activity Report,https://www.egle.state.mi.us/aps/downloads/SRN/P0944/P0944_SAR_20240529.pdf,P0944,,2849 South Pittsford Road,PITTSFORD,49271.0,HILLSDALE,JACKSON,KOVALCHICKM,SAR,Staff Activity Report,"2849 South Pittsford Road, PITTSFORD, MI 49271"
2024-05-29,2024.0,MERIDIAN RESOURCES LLC,SAR,Staff Activity Report,https://www.egle.state.mi.us/aps/downloads/SRN/P0937/P0937_SAR_20240529.pdf,P0937,,8633 East Bacon Road,HILLSDALE,49242.0,HILLSDALE,JACKSON,KOVALCHICKM,SAR,Staff Activity Report,"8633 East Bacon Road, HILLSDALE, MI 49242"
2024-05-29,2024.0,R L M INDUSTRIES INC,VN,Violation Notice,https://www.egle.state.mi.us/aps/downloads/SRN/B7348/B7348_VN_20240529.pdf,B7348,MINOR,100 HUMMER LAKE RD,OXFORD,48371.0,OAKLAND,WARREN,PINGAR,VN,Violation Notice,"100 HUMMER LAKE RD, OXFORD, MI 48371"
2024-05-29,2024.0,"MAYCO INTERNATIONAL, LLC",SAR,Staff Activity Report,https://www.egle.state.mi.us/aps/downloads/SRN/N1316/N1316_SAR_20240529.pdf,N1316,MAJOR,42400  Merrill,STERLING HTS,48314.0,MACOMB,WARREN,PINGAR,SAR,Staff Activity Report,"42400  Merrill, STERLING HTS, MI 48314"
2024-05-29,2024.0,MERIDIAN RESOURCES LLC,SAR,Staff Activity Report,https://www.egle.state.mi.us/aps/downloads/SRN/P0943/P0943_SAR_20240529.pdf,P0943,,2181 South Pittsford Road,PITTSFORD,49271.0,HILLSDALE,JACKSON,KOVALCHICKM,SAR,Staff Activity Report,"2181 South Pittsford Road, PITTSFORD, MI 49271"
2024-05-29,2024.0,"CADILLAC ASPHALT, LLC",SAR,Staff Activity Report,https://www.egle.state.mi.us/aps/downloads/SRN/N5778/N5778_SAR_20240529.pdf,N5778,SM OPT OUT,15203 S TELEGRAPH,MONROE,48161.0,MONROE,JACKSON,KAVANAUGHD,SAR,Staff Activity Report,"15203 S TELEGRAPH, MONROE, MI 48161"
2024-05-29,2024.0,MATHY CONSTRUCTION CO  PLANT 25,FCE,Full Compliance Evaluation,https://www.egle.state.mi.us/aps/downloads/SRN/N5880/N5880_FCE_20240529.pdf,N5880,MINOR,PORTABLE ASPHALT PLANT 25  #99-96,IRONWOOD,49938.0,GOGEBIC,MARQUETTE,SCANLANJ,FCE,Full Compliance Evaluation,"PORTABLE ASPHALT PLANT 25  #99-96, IRONWOOD, MI 49938"
2024-05-29,2024.0,UPPER MICHIGAN ENERGY RESOURCES -A.J. MIHM G.S.,TEST,Test,https://www.egle.state.mi.us/aps/downloads/SRN/P0796/P0796_TEST_20240529.pdf,P0796,MAJOR,16017 Sarya Road,PELKIE,49849.0,BARAGA,MARQUETTE,SCANLANJ,TEST,Test,"16017 Sarya Road, PELKIE, MI 49849"
2024-05-29,2024.0,"CADILLAC ASPHALT, LLC",FCE,Full Compliance Evaluation,https://www.egle.state.mi.us/aps/downloads/SRN/N5778/N5778_FCE_20240529.pdf,N5778,SM OPT OUT,15203 S TELEGRAPH,MONROE,48161.0,MONROE,JACKSON,KAVANAUGHD,FCE,Full Compliance Evaluation,"15203 S TELEGRAPH, MONROE, MI 48161"
2024-05-29,2024.0,BRUCE WALDRON EXCAVATING,VN,Violation Notice,https://www.egle.state.mi.us/aps/downloads/SRN/P1166/P1166_VN_20240529.pdf,P1166,MINOR,8340 Parks Road,ELWELL,48832.0,GRATIOT,LANSING,LUPLOWM1,VN,Violation Notice,"8340 Parks Road, ELWELL, MI 48832"
2024-05-29,2024.0,AMERICAN CLASSIC DUMSTER SERVICE INC.,SAR,Staff Activity Report,https://www.egle.state.mi.us/aps/downloads/SRN/P1308/P1308_SAR_20240529.pdf,P1308,,2031 22 MILE ROAD,KENT CITY,49330.0,KENT,,,SAR,Staff Activity Report,"2031 22 Mile Road, Kent City, MI 49330"
2024-05-29,2024.0,BILLCO PRODUCTS,SAR,Staff Activity Report,https://www.egle.state.mi.us/aps/downloads/SRN/N0984/N0984_SAR_20240529.pdf,N0984,,1373 S LINCOLN AVE,HOLLAND,49423.0,ALLEGAN,KALAMAZOO,YAZZIEC,SAR,Staff Activity Report,"1373 S LINCOLN AVE, HOLLAND, MI 49423"
2024-05-29,2024.0,ASCENSION GENESYS HOSPITAL,VN,Violation Notice,https://www.egle.state.mi.us/aps/downloads/SRN/N6016/N6016_VN_20240529.pdf,N6016,SM OPT OUT,ONE GENESYS PARKWAY,GRAND BLANC,48439.0,GENESEE,LANSING,BRUNNERJ1,VN,Violation Notice,"ONE GENESYS PARKWAY, GRAND BLANC, MI 48439"
2024-05-28,2024.0,MARATHON PETROLEUM COMPANY LP,TEST,Test,https://www.egle.state.mi.us/aps/downloads/SRN/A9831/A9831_TEST_20240528.pdf,A9831,MEGASITE,1001 S Oakwood,DETROIT,48217.0,WAYNE,DETROIT,ACEVEDOJ1,TEST,Test,"1001 S Oakwood, DETROIT, MI 48217"
2024-05-28,2024.0,DTE GAS COMPANY - MILFORD COMPRESSOR STATION,FCE,Full Compliance Evaluation,https://www.egle.state.mi.us/aps/downloads/SRN/B7221/B7221_FCE_20240528.pdf,B7221,MAJOR,3515  CHILDS LAKE RD.,MILFORD,48381.0,OAKLAND,WARREN,AHAMMODS,FCE,Full Compliance Evaluation,"3515  CHILDS LAKE RD., MILFORD, MI 48381"
2024-05-28,2024.0,ELITE CLEANROOM SERVICES,VN,Violation Notice,https://www.egle.state.mi.us/aps/downloads/SRN/P0455/P0455_VN_20240528.pdf,P0455,MINOR,548 S COURT STREET,LAPEER,48446.0,LAPEER,LANSING,MCGEEND,VN,Violation Notice,"548 S COURT STREET, LAPEER, MI 48446"
2024-05-28,2024.0,"DDP SPECIALTY ELECTRONIC MATERIALS US, LLC",TEST,Test,https://www.egle.state.mi.us/aps/downloads/SRN/P1027/P1027_TEST_20240528.pdf,P1027,MEGASITE,3400 S. Saginaw Rd  Unit 96,MIDLAND,48640.0,MIDLAND,BAY CITY,BREWERK,TEST,Test,"3400 S. Saginaw Rd  Unit 96, MIDLAND, MI 48640"
2024-05-28,2024.0,AVANCEZ HIGHLAND PARK,FCE,Full Compliance Evaluation,https://www.egle.state.mi.us/aps/downloads/SRN/P1217/P1217_FCE_20240528.pdf,P1217,,1430 E 10 Mile Road,HAZEL PARK,48030.0,OAKLAND,WARREN,AHAMMODS,FCE,Full Compliance Evaluation,"1430 E 10 Mile Road, HAZEL PARK, MI 48030"
2024-05-28,2024.0,MARQUETTE BOARD OF LIGHT & POWER,VN,Violation Notice,https://www.egle.state.mi.us/aps/downloads/SRN/N5887/N5887_VN_20240528.pdf,N5887,,Powder Mill Road off of County Road 550,MARQUETTE,49855.0,MARQUETTE,MARQUETTE,SCANLANJ,VN,Violation Notice,"Powder Mill Road off of County Road 550, MARQUETTE, MI 49855"
2024-05-28,2024.0,"MICHIGAN SUGAR COMPANY, CROSWELL FACTORY",RVN,Response to Violation Notice,https://www.egle.state.mi.us/aps/downloads/SRN/B2876/B2876_RVN_20240528.pdf,B2876,MAJOR,159 S Howard Ave,CROSWELL,48422.0,SANILAC,BAY CITY,WITKOPPB,RVN,Response to Violation Notice,"159 S Howard Ave, CROSWELL, MI 48422"
2024-05-24,2024.0,"POET BIOREFINING - CARO, LLC",VN,Violation Notice,https://www.egle.state.mi.us/aps/downloads/SRN/N6996/N6996_VN_20240524.pdf,N6996,MAJOR,1551 Empire Drive,CARO,48723.0,TUSCOLA,BAY CITY,SHAFFERA1,VN,Violation Notice,"1551 Empire Drive, CARO, MI 48723"
2024-05-23,2024.0,TECNOFORM USA INC,FCE,Full Compliance Evaluation,https://www.egle.state.mi.us/aps/downloads/SRN/P1350/P1350_FCE_20240523.pdf,P1350,,4999 36TH STREET SE,GRAND RAPIDS,49512.0,KENT,,,FCE,Full Compliance Evaluation,"4999 36Th Street Se, Grand Rapids, MI 49512"
2024-05-23,2024.0,ERMANCO INC,SAR,Staff Activity Report,https://www.egle.state.mi.us/aps/downloads/SRN/B8609/B8609_SAR_20240523.pdf,B8609,MINOR,6870 GRAND HAVEN RD,SPRING LAKE,49456.0,MUSKEGON,GRAND RAPIDS,EVANSS13,SAR,Staff Activity Report,"6870 GRAND HAVEN RD, SPRING LAKE, MI 49456"
2024-05-23,2024.0,STATE HEAT TREATING COMPANY,RVN,Response to Violation Notice,https://www.egle.state.mi.us/aps/downloads/SRN/P1208/P1208_RVN_20240523.pdf,P1208,MINOR,520 32nd Street SE,GRAND RAPIDS,49548.0,KENT,GRAND RAPIDS,LAZZAROA1,RVN,Response to Violation Notice,"520 32nd Street SE, GRAND RAPIDS, MI 49548"
2024-05-23,2024.0,SPARKS BELTING COMPANY,RVN,Response to Violation Notice,https://www.egle.state.mi.us/aps/downloads/SRN/P1156/P1156_RVN_20240523.pdf,P1156,SM OPT OUT,5005 Kraft Avenue,GRAND RAPIDS,49512.0,KENT,GRAND RAPIDS,LAZZAROA1,RVN,Response to Violation Notice,"5005 Kraft Avenue, GRAND RAPIDS, MI 49512"
2024-05-23,2024.0,"FAURECIA INTERIOR SYSTEMS SALINE, LLC",RVN,Response to Violation Notice,https://www.egle.state.mi.us/aps/downloads/SRN/B2063/B2063_VNR_20240523.pdf,B2063,MAJOR,7700  MICHIGAN AVE,SALINE,48176.0,WASHTENAW,JACKSON,WEEMSS,RVN,Response to Violation Notice,"7700  MICHIGAN AVE, SALINE, MI 48176"
2024-05-23,2024.0,MID-MICHIGAN CRUSHING & RECYCLING INC,VN,Violation Notice,https://www.egle.state.mi.us/aps/downloads/SRN/N8316/N8316_VN_20240523.pdf,N8316,MINOR,15111 Oakland ave,HIGHLAND PARK,48203.0,WAYNE,LANSING,MCGEEND,VN,Violation Notice,"15111 Oakland ave, HIGHLAND PARK, MI 48203"
2024-05-23,2024.0,SEAL BOND LLC,SAR,Staff Activity Report,https://www.egle.state.mi.us/aps/downloads/SRN/P1262/P1262_SAR_20240523.pdf,P1262,,1251 E MOUNT GARFIELD ROAD,NORTON SHORES,49441.0,MUSKEGON,GRAND RAPIDS,,SAR,Staff Activity Report,"1251 E MOUNT GARFIELD ROAD, NORTON SHORES, MI 49441"
2024-05-23,2024.0,JOSEPH LUNGHAMER CHEVROLET INC,VN,Violation Notice,https://www.egle.state.mi.us/aps/downloads/SRN/N3789/N3789_VN_20240523.pdf,N3789,SM OPT OUT,475 SUMMIT DR,WATERFORD,48328.0,OAKLAND,WARREN,LEFFERTK,VN,Violation Notice,"475 SUMMIT DR, WATERFORD, MI 48328"
2024-05-23,2024.0,"FAURECIA INTERIOR SYSTEMS SALINE, LLC",RVN,Response to Violation Notice,https://www.egle.state.mi.us/aps/downloads/SRN/B2063/B2063_RVN_20240523.pdf,B2063,MAJOR,7700  MICHIGAN AVE,SALINE,48176.0,WASHTENAW,JACKSON,WEEMSS,RVN,Response to Violation Notice,"7700  MICHIGAN AVE, SALINE, MI 48176"
2024-05-23,2024.0,CREATIVE FOAM CORPORATION,VN,Violation Notice,https://www.egle.state.mi.us/aps/downloads/SRN/N6574/N6574_VN_20240523.pdf,N6574,SM OPT OUT,555 Fenway Drive,FENTON,48430.0,GENESEE,LANSING,MCGEEND,VN,Violation Notice,"555 Fenway Drive, FENTON, MI 48430"
2024-05-23,2024.0,MOLD MASTERS COMPANY,VN,Violation Notice,https://www.egle.state.mi.us/aps/downloads/SRN/A2809/A2809_VN_20240523.pdf,A2809,SM OPT OUT,1455  IMLAY CITY ROAD,LAPEER,48446.0,LAPEER,LANSING,MCGEEND,VN,Violation Notice,"1455  IMLAY CITY ROAD, LAPEER, MI 48446"
2024-05-22,2024.0,MARATHON PETROLEUM COMPANY LP,TEST,Test,https://www.egle.state.mi.us/aps/downloads/SRN/A9831/A9831_TEST_20240522.pdf,A9831,MEGASITE,1001 S Oakwood,DETROIT,48217.0,WAYNE,DETROIT,ACEVEDOJ1,TEST,Test,"1001 S Oakwood, DETROIT, MI 48217"
2024-05-22,2024.0,ATMOSPHERE HEAT TREATING INC.,SAR,Staff Activity Report,https://www.egle.state.mi.us/aps/downloads/SRN/N7379/N7379_SAR_20240522.pdf,N7379,MINOR,30760 CENTURY DR.,WIXOM,48393.0,OAKLAND,WARREN,KALLUMKALS,SAR,Staff Activity Report,"30760 CENTURY DR., WIXOM, MI 48393"
2024-05-22,2024.0,"RIETH-RILEY CONSTRUCTION CO., INC.",SAR,Staff Activity Report,https://www.egle.state.mi.us/aps/downloads/SRN/B1986/B1986_SAR_20240522.pdf,B1986,SM OPT OUT,724  EAST WASHINGTON,ZEELAND,49464.0,OTTAWA,GRAND RAPIDS,ROBINSONC17,SAR,Staff Activity Report,"724  EAST WASHINGTON, ZEELAND, MI 49464"
2024-05-22,2024.0,CARLETON FARMS LANDFILL,TEST,Test,https://www.egle.state.mi.us/aps/downloads/SRN/N5986/N5986_TEST_20240522.pdf,N5986,MAJOR,28800  CLARK RD,NEW BOSTON,48164.0,WAYNE,DETROIT,LAMBJ1,TEST,Test,"28800  CLARK RD, NEW BOSTON, MI 48164"
2024-05-21,2024.0,DOUBLE EAGLE STEEL COATING COMPANY,VN,Violation Notice,https://www.egle.state.mi.us/aps/downloads/SRN/N1089/N1089_VN_20240521.pdf,N1089,,3000 Miller Rd,DEARBORN,48120.0,WAYNE,DETROIT,ZIMMERMANJ3,VN,Violation Notice,"3000 Miller Rd, DEARBORN, MI 48120"
2024-05-21,2024.0,"VERSO QUINNESEC, LLC",TEST,Test,https://www.egle.state.mi.us/aps/downloads/SRN/B7192/B7192_TEST_20240521.pdf,B7192,MAJOR,W-6791 US HIGHWAY 2,QUINNESEC,49876.0,DICKINSON,MARQUETTE,CONKLINM1,TEST,Test,"W-6791 US HIGHWAY 2, QUINNESEC, MI 49876"
2024-05-21,2024.0,"FEDERAL-MOGUL POWERTRAIN, LLC",TEST,Test,https://www.egle.state.mi.us/aps/downloads/SRN/N6327/N6327_TEST_20240521.pdf,N6327,MAJOR,47001 PORT ST,PLYMOUTH,48170.0,WAYNE,DETROIT,SANDOVALC,TEST,Test,"47001 PORT ST, PLYMOUTH, MI 48170"
2024-05-21,2024.0,SAPA TRANSMISSION,SAR,Staff Activity Report,https://www.egle.state.mi.us/aps/downloads/SRN/P0957/P0957_SAR_20240521.pdf,P0957,,11971 Investment Drive,SHELBY TWP,48315.0,MACOMB,WARREN,DZIADOSZM,SAR,Staff Activity Report,"11971 Investment Drive, SHELBY TWP, MI 48315"
2024-05-21,2024.0,SOUTHERN MICHIGAN CREMATION SERVICES R.O. INC.,VN,Violation Notice,https://www.egle.state.mi.us/aps/downloads/SRN/P0932/P0932_VN_20240521.pdf,P0932,MINOR,4839 Fernlee Avenue,ROYAL OAK,48073.0,OAKLAND,WARREN,AHAMMODS,VN,Violation Notice,"4839 Fernlee Avenue, ROYAL OAK, MI 48073"
2024-05-21,2024.0,DTE GAS COMPANY - WILLOW RUN COMPRESSOR STATION,TEST,Test,https://www.egle.state.mi.us/aps/downloads/SRN/N7421/N7421_TEST_20240521.pdf,N7421,MAJOR,3020 East Michigan Avenue,YPSILANTI,48198.0,WASHTENAW,JACKSON,KOVALCHICKM,TEST,Test,"3020 East Michigan Avenue, YPSILANTI, MI 48198"
2024-05-21,2024.0,ZOETIS LLC,RVN,Response to Violation Notice,https://www.egle.state.mi.us/aps/downloads/SRN/B7149/B7149_RVN_20240521.pdf,B7149,MINOR,2605 EAST KILGORE RD,KALAMAZOO,49001.0,KALAMAZOO,KALAMAZOO,BROTHERSM,RVN,Response to Violation Notice,"2605 EAST KILGORE RD, KALAMAZOO, MI 49001"
2024-05-20,2024.0,INDUSTRIAL METAL COATINGS INC,RVN,Response to Violation Notice,https://www.egle.state.mi.us/aps/downloads/SRN/N5145/N5145_RVN_20240520.pdf,N5145,MINOR,6070 18 MILE RD,STERLING HTS,48314.0,MACOMB,WARREN,LEFFERTK,RVN,Response to Violation Notice,"6070 18 MILE RD, STERLING HTS, MI 48314"
2024-05-20,2024.0,PLASAN CARBON COMPOSITES,FCE,Full Compliance Evaluation,https://www.egle.state.mi.us/aps/downloads/SRN/P0374/P0374_FCE_20240520.pdf,P0374,MAJOR,3195 WILSON DRIVE,WALKER,49534.0,KENT,GRAND RAPIDS,COXM9,FCE,Full Compliance Evaluation,"3195 WILSON DRIVE, WALKER, MI 49534"
2024-05-20,2024.0,POWER SOLUTIONS INTERNATIONAL,FCE,Full Compliance Evaluation,https://www.egle.state.mi.us/aps/downloads/SRN/P0412/P0412_FCE_20240520.pdf,P0412,SM OPT OUT,32505 Industrial Drive,MADISON HTS,48071.0,OAKLAND,WARREN,LEFFERTK,FCE,Full Compliance Evaluation,"32505 Industrial Drive, MADISON HTS, MI 48071"
2024-05-20,2024.0,AXIUM GROUP LLC,FCE,Full Compliance Evaluation,https://www.egle.state.mi.us/aps/downloads/SRN/A0703/A0703_FCE_20240520.pdf,A0703,SM OPT OUT,708 Sherman,CASSOPOLIS,49031.0,CASS,KALAMAZOO,BENAWAYR,FCE,Full Compliance Evaluation,"708 Sherman, CASSOPOLIS, MI 49031"
2024-05-20,2024.0,AXIUM GROUP LLC,SAR,Staff Activity Report,https://www.egle.state.mi.us/aps/downloads/SRN/A0703/A0703_SAR_20240520.pdf,A0703,SM OPT OUT,708 Sherman,CASSOPOLIS,49031.0,CASS,KALAMAZOO,BENAWAYR,SAR,Staff Activity Report,"708 Sherman, CASSOPOLIS, MI 49031"
2024-05-17,2024.0,OTTAWA COUNTY FARMS LANDFILL,VN,Violation Notice,https://www.egle.state.mi.us/aps/downloads/SRN/N3294/N3294_VN_20240517.pdf,N3294,MAJOR,15550  68th Avenue,COOPERSVILLE,49404.0,OTTAWA,GRAND RAPIDS,MORGAND2,VN,Violation Notice,"15550  68th Avenue, COOPERSVILLE, MI 49404"
2024-05-17,2024.0,S. M. SERVICES / FAITHFUL COMPANION MEMORIALS.,SAR,Staff Activity Report,https://www.egle.state.mi.us/aps/downloads/SRN/N5753/N5753_SAR_20240517.pdf,N5753,MINOR,4900 FERNLEE,ROYAL OAK,48073.0,OAKLAND,WARREN,ELMOUCHIR,SAR,Staff Activity Report,"4900 FERNLEE, ROYAL OAK, MI 48073"
2024-05-16,2024.0,DELTA SOLID WASTE MANAGEMENT AUTHORITY,FCE,Full Compliance Evaluation,https://www.egle.state.mi.us/aps/downloads/SRN/N6035/N6035_FCE_20240516.pdf,N6035,MAJOR,5701 19TH AVENUE N,ESCANABA,49829.0,DELTA,MARQUETTE,LUCEL1,FCE,Full Compliance Evaluation,"5701 19TH AVENUE N, ESCANABA, MI 49829"
2024-05-16,2024.0,MARATHON PETROLEUM COMPANY LP,TEST,Test,https://www.egle.state.mi.us/aps/downloads/SRN/A9831/A9831_TEST_20240516.pdf,A9831,MEGASITE,1001 S Oakwood,DETROIT,48217.0,WAYNE,DETROIT,ACEVEDOJ1,TEST,Test,"1001 S Oakwood, DETROIT, MI 48217"
2024-05-16,2024.0,POWER SOLUTIONS INTERNATIONAL,SAR,Staff Activity Report,https://www.egle.state.mi.us/aps/downloads/SRN/P0412/P0412_SAR_20240516.pdf,P0412,SM OPT OUT,32505 Industrial Drive,MADISON HTS,48071.0,OAKLAND,WARREN,LEFFERTK,SAR,Staff Activity Report,"32505 Industrial Drive, MADISON HTS, MI 48071"
2024-05-16,2024.0,STURGIS MUNICIPAL POWER PLANT,FCE,Full Compliance Evaluation,https://www.egle.state.mi.us/aps/downloads/SRN/B7287/B7287_FCE_20240516.pdf,B7287,MAJOR,505 West Chicago Rd.,STURGIS,49091.0,SAINT JOSEPH,KALAMAZOO,COLLINSC21,FCE,Full Compliance Evaluation,"505 West Chicago Rd., STURGIS, MI 49091"
2024-05-16,2024.0,DELTA SOLID WASTE MANAGEMENT AUTHORITY,SAR,Staff Activity Report,https://www.egle.state.mi.us/aps/downloads/SRN/N6035/N6035_SAR_20240516.pdf,N6035,MAJOR,5701 19TH AVENUE N,ESCANABA,49829.0,DELTA,MARQUETTE,LUCEL1,SAR,Staff Activity Report,"5701 19TH AVENUE N, ESCANABA, MI 49829"
2024-05-16,2024.0,STURGIS MUNICIPAL POWER PLANT,SAR,Staff Activity Report,https://www.egle.state.mi.us/aps/downloads/SRN/B7287/B7287_SAR_20240516.pdf,B7287,MAJOR,505 West Chicago Rd.,STURGIS,49091.0,SAINT JOSEPH,KALAMAZOO,COLLINSC21,SAR,Staff Activity Report,"505 West Chicago Rd., STURGIS, MI 49091"
2024-05-16,2024.0,SPRING ARBOR COATINGS - FOWLERVILLE,SAR,Staff Activity Report,https://www.egle.state.mi.us/aps/downloads/SRN/P0773/P0773_SAR_20240516.pdf,P0773,SM OPT OUT,895 Garden Lane,FOWLERVILLE,48836.0,LIVINGSTON,LANSING,DAVISS46,SAR,Staff Activity Report,"895 Garden Lane, FOWLERVILLE, MI 48836"
2024-05-15,2024.0,OATSVALL CONSTRUCTION LLC,VN,Violation Notice,https://www.egle.state.mi.us/aps/downloads/SRN/P1369/P1369_VN_20240515.pdf,P1369,,500 W US 12,GALIEN,49113.0,BERRIEN,,,VN,Violation Notice,"500 W Us 12, Galien, MI 49113"
2024-05-15,2024.0,"DDP SPECIALTY ELECTRONIC MATERIALS US, LLC",SAR,Staff Activity Report,https://www.egle.state.mi.us/aps/downloads/SRN/P1027/P1027_SAR_20240515.pdf,P1027,MEGASITE,3400 S. Saginaw Rd  Unit 96,MIDLAND,48640.0,MIDLAND,BAY CITY,BREWERK,SAR,Staff Activity Report,"3400 S. Saginaw Rd  Unit 96, MIDLAND, MI 48640"
2024-05-15,2024.0,CENTRAL ASPHALT INC.,SAR,Staff Activity Report,https://www.egle.state.mi.us/aps/downloads/SRN/B1620/B1620_SAR_20240515.pdf,B1620,SM OPT OUT,2290 MAY ST,MOUNT PLEASANT,48858.0,ISABELLA,BAY CITY,WITKOPPB,SAR,Staff Activity Report,"2290 MAY ST, MOUNT PLEASANT, MI 48858"
2024-05-15,2024.0,ORCHARD HILL SANITARY LANDFILL,RVN,Response to Violation Notice,https://www.egle.state.mi.us/aps/downloads/SRN/N5719/N5719_RVN_20240515.pdf,N5719,MAJOR,3290 HENNESEY RD,WATERVLIET,49098.0,BERRIEN,KALAMAZOO,DESKINSM,RVN,Response to Violation Notice,"3290 HENNESEY RD, WATERVLIET, MI 49098"
2024-05-15,2024.0,THAI SUMMIT AMERICA CORPORATION (WAS OGIHARA),SAR,Staff Activity Report,https://www.egle.state.mi.us/aps/downloads/SRN/N1514/N1514_SAR_20240515.pdf,N1514,MINOR,1480 MCPHERSON PARK DR,HOWELL,48843.0,LIVINGSTON,LANSING,DAVISS46,SAR,Staff Activity Report,"1480 MCPHERSON PARK DR, HOWELL, MI 48843"
2024-05-15,2024.0,PRATT INDUSTRIES INC.,VN,Violation Notice,https://www.egle.state.mi.us/aps/downloads/SRN/N7486/N7486_VN_20240515.pdf,N7486,SM OPT OUT,11365 RED ARROW HWY.,BRIDGMAN,49106.0,BERRIEN,KALAMAZOO,DESKINSM,VN,Violation Notice,"11365 RED ARROW HWY., BRIDGMAN, MI 49106"
2024-05-15,2024.0,"KALSEC, INCORPORATED",SAR,Staff Activity Report,https://www.egle.state.mi.us/aps/downloads/SRN/A1991/A1991_SAR_20240515.pdf,A1991,MAJOR,3713 West Main St,KALAMAZOO,49005.0,KALAMAZOO,KALAMAZOO,BROTHERSM,SAR,Staff Activity Report,"3713 West Main St, KALAMAZOO, MI 49005"
2024-05-15,2024.0,INDUSTRIAL METAL COATINGS INC,VN,Violation Notice,https://www.egle.state.mi.us/aps/downloads/SRN/N5145/N5145_VN_20240515.pdf,N5145,MINOR,6070 18 MILE RD,STERLING HTS,48314.0,MACOMB,WARREN,LEFFERTK,VN,Violation Notice,"6070 18 MILE RD, STERLING HTS, MI 48314"
2024-05-15,2024.0,LAPEER COUNTY HEALTH DEPT,SAR,Staff Activity Report,https://www.egle.state.mi.us/aps/downloads/SRN/N5115/N5115_SAR_20240515.pdf,N5115,,2396 W GENESEE,LAPEER,48846.0,LAPEER,LANSING,MCGEEND,SAR,Staff Activity Report,"2396 W GENESEE, LAPEER, MI 48846"
2024-05-14,2024.0,TECNOFORM USA INC,SAR,Staff Activity Report,https://www.egle.state.mi.us/aps/downloads/SRN/P1350/P1350_SAR_20240514.pdf,P1350,,4999 36TH STREET SE,GRAND RAPIDS,49512.0,KENT,,,SAR,Staff Activity Report,"4999 36Th Street Se, Grand Rapids, MI 49512"
2024-05-14,2024.0,ANR PIPELINE COMPANY WINFIELD DEHY PLANT,FCE,Full Compliance Evaluation,https://www.egle.state.mi.us/aps/downloads/SRN/N6245/N6245_FCE_20240514.pdf,N6245,SM OPT OUT,10680 N GREEN RD,HOWARD CITY,49329.0,MONTCALM,GRAND RAPIDS,ROBINSONC17,FCE,Full Compliance Evaluation,"10680 N GREEN RD, HOWARD CITY, MI 49329"
2024-05-14,2024.0,CONTINENTAL IDENTIFICATION PRODUCTS,SAR,Staff Activity Report,https://www.egle.state.mi.us/aps/downloads/SRN/M3549/M3549_SAR_20240514.pdf,M3549,SM OPT OUT,140 E AVERILL ST,SPARTA,49345.0,KENT,GRAND RAPIDS,COXM9,SAR,Staff Activity Report,"140 E AVERILL ST, SPARTA, MI 49345"
2024-05-14,2024.0,MAGNA MIRRORS CORPORATION,SAR,Staff Activity Report,https://www.egle.state.mi.us/aps/downloads/SRN/N1781/N1781_SAR_20240514.pdf,N1781,SM OPT OUT,3575 128th Aveune,HOLLAND,49424.0,OTTAWA,GRAND RAPIDS,ROBINSONC17,SAR,Staff Activity Report,"3575 128th Aveune, HOLLAND, MI 49424"
2024-05-14,2024.0,ADAC AUTOMOTIVE 36TH ST. PLANT,SAR,Staff Activity Report,https://www.egle.state.mi.us/aps/downloads/SRN/N2191/N2191_SAR_20240514.pdf,N2191,MINOR,3801  36th St. SE,GRAND RAPIDS,49588.0,KENT,GRAND RAPIDS,LAZZAROA1,SAR,Staff Activity Report,"3801  36th St. SE, GRAND RAPIDS, MI 49588"
2024-05-14,2024.0,CONSUMERS ENERGY - ST. CLAIR COMPRESSOR STATION,FCE,Full Compliance Evaluation,https://www.egle.state.mi.us/aps/downloads/SRN/B6637/B6637_FCE_20240514.pdf,B6637,MAJOR,10021  MARINE CITY HWY.,IRA TWP,48023.0,SAINT CLAIR,WARREN,ELMOUCHIR,FCE,Full Compliance Evaluation,"10021  MARINE CITY HWY., IRA TWP, MI 48023"
2024-05-14,2024.0,DTE ELECTRIC COMPANY - OLIVER PEAKING FACILITY,TEST,Test,https://www.egle.state.mi.us/aps/downloads/SRN/B2802/B2802_TEST_20240514.pdf,B2802,MAJOR,346 GAGETOWN ROAD,OLIVER TWP,48755.0,HURON,BAY CITY,SHAFFERA1,TEST,Test,"346 GAGETOWN ROAD, OLIVER TWP, MI 48755"
2024-05-14,2024.0,SAVOY ENERGY LP,SAR,Staff Activity Report,https://www.egle.state.mi.us/aps/downloads/SRN/N7310/N7310_SAR_20240514.pdf,N7310,MINOR,SECTION 28,WOODVILLE,49307.0,NEWAYGO,GRAND RAPIDS,ROBINSONC17,SAR,Staff Activity Report,"SECTION 28, WOODVILLE, MI 49307"
2024-05-14,2024.0,"SPARTAN FIRE, LLC",VN,Violation Notice,https://www.egle.state.mi.us/aps/downloads/SRN/N2503/N2503_VN_20240514.pdf,N2503,SM OPT OUT,1663 Reynolds Rd,CHARLOTTE,48813.0,EATON,LANSING,LUPLOWM1,VN,Violation Notice,"1663 Reynolds Rd, CHARLOTTE, MI 48813"
2024-05-13,2024.0,EES COKE BATTERY L.L.C.,RVN,Response to Violation Notice,https://www.egle.state.mi.us/aps/downloads/SRN/P0408/P0408_RVN_20240513.pdf,P0408,MEGASITE,1400 Zug Island Road,RIVER ROUGE,48209.0,WAYNE,DETROIT,KOSTERK1,RVN,Response to Violation Notice,"1400 Zug Island Road, RIVER ROUGE, MI 48209"
2024-05-13,2024.0,"PINE TREE ACRES, INC.",TEST,Test,https://www.egle.state.mi.us/aps/downloads/SRN/N5984/N5984_TEST_20240513.pdf,N5984,MAJOR,36600  29 MILE RD.,LENOX,48048.0,MACOMB,WARREN,JOSEPHR4,TEST,Test,"36600  29 MILE RD., LENOX, MI 48048"
2024-05-13,2024.0,"PLASTIC TRIM INTERNATIONAL, INC.",RVN,Response to Violation Notice,https://www.egle.state.mi.us/aps/downloads/SRN/N3592/N3592_RVN_20240513.pdf,N3592,MINOR,935 AULERICH ROAD,EAST TAWAS,48730.0,IOSCO,BAY CITY,GENTLEN,RVN,Response to Violation Notice,"935 AULERICH ROAD, EAST TAWAS, MI 48730"
2024-05-13,2024.0,"SPARTAN FIRE, LLC",VN,Violation Notice,https://www.egle.state.mi.us/aps/downloads/SRN/N2503/N2503_VN_20240513.pdf,N2503,SM OPT OUT,1663 Reynolds Rd,CHARLOTTE,48813.0,EATON,LANSING,LUPLOWM1,VN,Violation Notice,"1663 Reynolds Rd, CHARLOTTE, MI 48813"
2024-05-13,2024.0,"CITIZENS DISPOSAL, INC.",SAR,Staff Activity Report,https://www.egle.state.mi.us/aps/downloads/SRN/N5991/N5991_SAR_20240513.pdf,N5991,MAJOR,2361 W. Grand Blanc Rd.,GRAND BLANC,48439.0,GENESEE,LANSING,BRUNNERJ1,SAR,Staff Activity Report,"2361 W. Grand Blanc Rd., GRAND BLANC, MI 48439"
2024-05-13,2024.0,AMERICHEM SALES CORPORATION,VN,Violation Notice,https://www.egle.state.mi.us/aps/downloads/SRN/M3648/M3648_VN_20240513.pdf,M3648,MINOR,340 NORTH STREET,MASON,48854.0,INGHAM,LANSING,LUPLOWM1,VN,Violation Notice,"340 NORTH STREET, MASON, MI 48854"
2024-05-13,2024.0,DOW SILICONES CORPORATION,TEST,Test,https://www.egle.state.mi.us/aps/downloads/SRN/A4043/A4043_TEST_20240513.pdf,A4043,MEGASITE,3901 S Saginaw Rd,MIDLAND,48686.0,MIDLAND,BAY CITY,MCCANNG2,TEST,Test,"3901 S Saginaw Rd, MIDLAND, MI 48686"
2024-05-10,2024.0,"ARBOR HILLS LANDFILL, INC.",VN,Violation Notice,https://www.egle.state.mi.us/aps/downloads/SRN/N2688/N2688_VN_20240510.docx,N2688,MAJOR,10690 W. SIX MILE RD,NORTHVILLE,48168.0,WASHTENAW,JACKSON,KAVANAUGHD,VN,Violation Notice,"10690 W. SIX MILE RD, NORTHVILLE, MI 48168"
2024-05-10,2024.0,"ARBOR HILLS LANDFILL, INC.",VN,Violation Notice,https://www.egle.state.mi.us/aps/downloads/SRN/N2688/N2688_VN_20240510.pdf,N2688,MAJOR,10690 W. SIX MILE RD,NORTHVILLE,48168.0,WASHTENAW,JACKSON,KAVANAUGHD,VN,Violation Notice,"10690 W. SIX MILE RD, NORTHVILLE, MI 48168"
2024-05-10,2024.0,OTSEGO PAPER INC,VN,Violation Notice,https://www.egle.state.mi.us/aps/downloads/SRN/A0023/A0023_VN_20240510.pdf,A0023,MAJOR,320 N Farmer St.,OTSEGO,49078.0,ALLEGAN,KALAMAZOO,YAZZIEC,VN,Violation Notice,"320 N Farmer St., OTSEGO, MI 49078"
2024-05-09,2024.0,R L M INDUSTRIES INC,SAR,Staff Activity Report,https://www.egle.state.mi.us/aps/downloads/SRN/B7348/B7348_SAR_20240509.pdf,B7348,MINOR,100 HUMMER LAKE RD,OXFORD,48371.0,OAKLAND,WARREN,PINGAR,SAR,Staff Activity Report,"100 HUMMER LAKE RD, OXFORD, MI 48371"
2024-05-09,2024.0,"CECIL COMPOSITES, LLC",FCE,Full Compliance Evaluation,https://www.egle.state.mi.us/aps/downloads/SRN/B1772/B1772_FCE_20240509.pdf,B1772,MINOR,151 LAFAYETTE ST,MOUNT CLEMENS,48043.0,MACOMB,WARREN,LEFFERTK,FCE,Full Compliance Evaluation,"151 LAFAYETTE ST, MOUNT CLEMENS, MI 48043"
2024-05-09,2024.0,INDUSTRIAL METAL COATINGS INC,SAR,Staff Activity Report,https://www.egle.state.mi.us/aps/downloads/SRN/N5145/N5145_SAR_20240509.pdf,N5145,MINOR,6070 18 MILE RD,STERLING HTS,48314.0,MACOMB,WARREN,LEFFERTK,SAR,Staff Activity Report,"6070 18 MILE RD, STERLING HTS, MI 48314"
2024-05-09,2024.0,"ACUMENT GLOBAL TECHNOLOGIES, BALDWIN OPERATIONS",RVN,Response to Violation Notice,https://www.egle.state.mi.us/aps/downloads/SRN/N1705/N1705_RVN_20240509.pdf,N1705,MINOR,4146 E BALDWIN RD,HOLLY,48442.0,GENESEE,LANSING,MCGEEND,RVN,Response to Violation Notice,"4146 E BALDWIN RD, HOLLY, MI 48442"
2024-05-09,2024.0,GENTEX CORPORATION,FCE,Full Compliance Evaluation,https://www.egle.state.mi.us/aps/downloads/SRN/N1888/N1888_FCE_20240509.pdf,N1888,MAJOR,600 N. Centennial Street,ZEELAND,49464.0,OTTAWA,GRAND RAPIDS,ROBINSONC17,FCE,Full Compliance Evaluation,"600 N. Centennial Street, ZEELAND, MI 49464"
2024-05-08,2024.0,GRAPHIC PACKAGING INTERNATIONAL LLC,TEST,Test,https://www.egle.state.mi.us/aps/downloads/SRN/B1678/B1678_TEST_20240508.pdf,B1678,MAJOR,1500 N. PITCHER ST.,KALAMAZOO,49007.0,KALAMAZOO,KALAMAZOO,BROTHERSM,TEST,Test,"1500 N. PITCHER ST., KALAMAZOO, MI 49007"
2024-05-07,2024.0,DETROIT THERMAL  BEACON HEATING PLANT,TEST,Test,https://www.egle.state.mi.us/aps/downloads/SRN/B2814/B2814_TEST_20240507.pdf,B2814,MAJOR,541  MADISON AVE,DETROIT,48226.0,WAYNE,DETROIT,LIVESONS2,TEST,Test,"541  MADISON AVE, DETROIT, MI 48226"
2024-05-07,2024.0,"GOMA RNG, LLC",RVN,Response to Violation Notice,https://www.egle.state.mi.us/aps/downloads/SRN/P1192/P1192_RVN_20240507.pdf,P1192,MINOR,3875 AITKEN ROAD,MARLETTE,48453.0,SANILAC,BAY CITY,SHAFFERA1,RVN,Response to Violation Notice,"3875 AITKEN ROAD, MARLETTE, MI 48453"
2024-05-07,2024.0,OTTAWA COUNTY FARMS LANDFILL,TEST,Test,https://www.egle.state.mi.us/aps/downloads/SRN/N3294/N3294_TEST_20240507.pdf,N3294,MAJOR,15550  68th Avenue,COOPERSVILLE,49404.0,OTTAWA,GRAND RAPIDS,MORGAND2,TEST,Test,"15550  68th Avenue, COOPERSVILLE, MI 49404"
2024-05-07,2024.0,"MICHIGAN SUGAR COMPANY, CROSWELL FACTORY",VN,Violation Notice,https://www.egle.state.mi.us/aps/downloads/SRN/B2876/B2876_VN_20240507.pdf,B2876,MAJOR,159 S Howard Ave,CROSWELL,48422.0,SANILAC,BAY CITY,WITKOPPB,VN,Violation Notice,"159 S Howard Ave, CROSWELL, MI 48422"
2024-05-07,2024.0,EXCEL TESTING AND ENGINEERING LLC,TEST,Test,https://www.egle.state.mi.us/aps/downloads/SRN/N6962/N6962_TEST_20240507.pdf,N6962,SM OPT OUT,9059 Samuel Barton Dr,VAN BUREN TWP,48111.0,WAYNE,DETROIT,WEISS,TEST,Test,"9059 Samuel Barton Dr, VAN BUREN TWP, MI 48111"
2024-05-07,2024.0,DTE ELECTRIC COMPANY - PLACID PEAKING FACILITY,SAR,Staff Activity Report,https://www.egle.state.mi.us/aps/downloads/SRN/B2803/B2803_SAR_20240507.pdf,B2803,MAJOR,4912 EDGAR ROAD,CLARKSTON,48346.0,OAKLAND,WARREN,AHAMMODS,SAR,Staff Activity Report,"4912 EDGAR ROAD, CLARKSTON, MI 48346"
2024-05-07,2024.0,INDECK NILES LLC,TEST,Test,https://www.egle.state.mi.us/aps/downloads/SRN/N6921/N6921_TEST_20240507.pdf,N6921,,2200 Progressive Ave,NILES,49120.0,CASS,KALAMAZOO,BENAWAYR,TEST,Test,"2200 Progressive Ave, NILES, MI 49120"
2024-05-07,2024.0,"ACUMENT GLOBAL TECHNOLOGIES, BALDWIN OPERATIONS",VN,Violation Notice,https://www.egle.state.mi.us/aps/downloads/SRN/N1705/N1705_VN_20240507.pdf,N1705,MINOR,4146 E BALDWIN RD,HOLLY,48442.0,GENESEE,LANSING,MCGEEND,VN,Violation Notice,"4146 E BALDWIN RD, HOLLY, MI 48442"
2024-05-07,2024.0,MIDWEST II,VN,Violation Notice,https://www.egle.state.mi.us/aps/downloads/SRN/N2735/N2735_VN_20240507.pdf,N2735,MINOR,6194 SECTION RD,OTTAWA LAKE,49267.0,MONROE,JACKSON,KAVANAUGHD,VN,Violation Notice,"6194 SECTION RD, OTTAWA LAKE, MI 49267"
2024-05-07,2024.0,RICHARD-ALLAN SCIENTIFIC,VN,Violation Notice,https://www.egle.state.mi.us/aps/downloads/SRN/N7418/N7418_VN_20240507.pdf,N7418,SM OPT OUT,4481 Campus Drive,KALAMAZOO,49008.0,KALAMAZOO,KALAMAZOO,BROTHERSM,VN,Violation Notice,"4481 Campus Drive, KALAMAZOO, MI 49008"
2024-05-07,2024.0,CLEVELAND-CLIFFS STEEL CORPORATION DEARBORN WORKS,TEST,Test,https://www.egle.state.mi.us/aps/downloads/SRN/A8640/A8640_TEST_20240507.pdf,A8640,MEGASITE,4001  MILLER ROAD,DEARBORN,48120.0,WAYNE,DETROIT,KOSTERK1,TEST,Test,"4001  MILLER ROAD, DEARBORN, MI 48120"
